-- MySQL dump 10.13  Distrib 5.7.28, for osx10.15 (x86_64)
--
-- Host: localhost    Database: jo_2024
-- ------------------------------------------------------
-- Server version	5.7.28

/*!40101 SET @OLD_CHARACTER_SET_CLIENT=@@CHARACTER_SET_CLIENT */;
/*!40101 SET @OLD_CHARACTER_SET_RESULTS=@@CHARACTER_SET_RESULTS */;
/*!40101 SET @OLD_COLLATION_CONNECTION=@@COLLATION_CONNECTION */;
/*!40101 SET NAMES utf8 */;
/*!40103 SET @OLD_TIME_ZONE=@@TIME_ZONE */;
/*!40103 SET TIME_ZONE='+00:00' */;
/*!40014 SET @OLD_UNIQUE_CHECKS=@@UNIQUE_CHECKS, UNIQUE_CHECKS=0 */;
/*!40014 SET @OLD_FOREIGN_KEY_CHECKS=@@FOREIGN_KEY_CHECKS, FOREIGN_KEY_CHECKS=0 */;
/*!40101 SET @OLD_SQL_MODE=@@SQL_MODE, SQL_MODE='NO_AUTO_VALUE_ON_ZERO' */;
/*!40111 SET @OLD_SQL_NOTES=@@SQL_NOTES, SQL_NOTES=0 */;

--
-- Table structure for table `arrondissement`
--

DROP TABLE IF EXISTS `arrondissement`;
/*!40101 SET @saved_cs_client     = @@character_set_client */;
/*!40101 SET character_set_client = utf8 */;
CREATE TABLE `arrondissement` (
  `id` int(11) NOT NULL,
  `insee_code` int(11) NOT NULL,
  `name` varchar(50) NOT NULL,
  `surface_km_square` float DEFAULT NULL,
  PRIMARY KEY (`id`)
) ENGINE=InnoDB DEFAULT CHARSET=utf8;
/*!40101 SET character_set_client = @saved_cs_client */;

--
-- Dumping data for table `arrondissement`
--

LOCK TABLES `arrondissement` WRITE;
/*!40000 ALTER TABLE `arrondissement` DISABLE KEYS */;
INSERT INTO `arrondissement` VALUES (1,75101,'Louvre',1.82),(2,75102,'Bourse',0.99),(3,75103,'Temple',1.17),(4,75104,'Hôtel-de-Ville',1.6),(5,75105,'Panthéon',2.54),(6,75106,'Luxembourg',2.15),(7,75107,'Palais-Bourbon',4.09),(8,75108,'Élysée',3.88),(9,75109,'Opéra',2.18),(10,75110,'Entrepôt',2.89),(11,75111,'Popincourt',3.67),(12,75112,'Reuilly',16.31),(13,75113,'Gobelins',7.15),(14,75114,'Observatoire',5.61),(15,75115,'Vaugirard',8.49),(16,75116,'Passy',16.37),(17,75117,'Batignolles-Monceau',5.67),(18,75118,'Buttes-Montmartre',6),(19,75119,'Buttes-Chaumont',6.79),(20,75120,'Ménilmontant',5.98);
/*!40000 ALTER TABLE `arrondissement` ENABLE KEYS */;
UNLOCK TABLES;

--
-- Table structure for table `facility_practice_association`
--

DROP TABLE IF EXISTS `facility_practice_association`;
/*!40101 SET @saved_cs_client     = @@character_set_client */;
/*!40101 SET character_set_client = utf8 */;
CREATE TABLE `facility_practice_association` (
  `id_sports_practice` int(11) NOT NULL,
  `id_sports_facility` int(11) NOT NULL,
  PRIMARY KEY (`id_sports_practice`,`id_sports_facility`),
  KEY `facility_practice_association_sports_facility0_FK` (`id_sports_facility`),
  CONSTRAINT `facility_practice_association_sports_facility0_FK` FOREIGN KEY (`id_sports_facility`) REFERENCES `sports_facility` (`id`),
  CONSTRAINT `facility_practice_association_sports_practice_FK` FOREIGN KEY (`id_sports_practice`) REFERENCES `sports_practice` (`id`)
) ENGINE=InnoDB DEFAULT CHARSET=utf8;
/*!40101 SET character_set_client = @saved_cs_client */;

--
-- Dumping data for table `facility_practice_association`
--

LOCK TABLES `facility_practice_association` WRITE;
/*!40000 ALTER TABLE `facility_practice_association` DISABLE KEYS */;
INSERT INTO `facility_practice_association` VALUES (2402,139998),(3404,139998),(8901,139998),(2402,139999),(3404,139999),(8901,139999),(7801,140001),(8901,140001),(401,140003),(2402,140003),(4301,140003),(4401,140003),(2401,140004),(2402,140004),(7801,140004),(8901,140004),(2402,140005),(8901,140005),(2402,140006),(3404,140006),(8901,140006),(401,140008),(3401,140008),(4301,140008),(4401,140008),(2402,140009),(3402,140009),(4401,140009),(7701,140009),(8001,140009),(8901,140009),(5201,140010),(5206,140010),(5208,140010),(5206,140011),(5208,140011),(1401,140013),(2206,140013),(2402,140013),(3402,140013),(2402,140017),(8901,140017),(2402,140019),(2701,140019),(7801,140019),(8901,140019),(2402,140020),(8901,140020),(5201,140021),(8901,140021),(701,140022),(2402,140022),(2901,140022),(3401,140022),(3402,140022),(3701,140022),(7701,140022),(8001,140022),(8201,140022),(8801,140022),(8901,140022),(8901,140026),(701,140027),(1101,140027),(2901,140027),(6601,140027),(8801,140027),(8901,140027),(8001,140028),(3602,140030),(8901,140030),(2402,140035),(2701,140035),(6303,140035),(6306,140035),(7901,140035),(8001,140035),(8901,140035),(2402,140036),(8901,140036),(2402,140039),(3401,140039),(4401,140039),(7701,140039),(8901,140039),(1101,140040),(1401,140040),(8801,140040),(701,140041),(2402,140041),(3401,140041),(8001,140041),(8801,140041),(4802,140042),(5201,140043),(2402,140045),(3402,140045),(8901,140045),(2206,140047),(8901,140047),(5206,140049),(3602,140050),(8901,140050),(8001,140053),(3401,140058),(3602,140058),(8901,140058),(1401,140060),(3401,140060),(3602,140060),(4701,140060),(2402,140061),(3401,140061),(3602,140061),(4701,140061),(6601,140061),(701,140062),(1101,140062),(7901,140062),(8801,140062),(701,140065),(1101,140065),(2701,140065),(4301,140065),(4401,140065),(7801,140065),(7901,140065),(8801,140065),(2402,140066),(2701,140066),(3401,140066),(2402,140067),(2701,140067),(3404,140067),(4401,140067),(7801,140067),(1101,140068),(503,140069),(501,140070),(2901,140071),(5202,140073),(5206,140073),(8901,140073),(701,140074),(1101,140074),(3404,140074),(8001,140074),(8801,140074),(2402,140075),(2402,140076),(2402,140077),(2402,140079),(2402,140080),(2402,140081),(2402,140084),(2402,140086),(2402,140087),(2402,140090),(3401,140090),(8001,140091),(3401,140092),(4701,140092),(701,140093),(1101,140093),(8801,140093),(2402,140094),(3404,140094),(8001,140094),(5206,140102),(8901,140102),(401,140106),(2402,140106),(3401,140106),(4301,140106),(8901,140106),(2402,140108),(3401,140108),(4401,140108),(7701,140108),(8901,140108),(6001,140109),(401,140110),(701,140110),(1101,140110),(2901,140110),(3401,140110),(3701,140110),(4401,140110),(7701,140110),(7901,140110),(8801,140110),(5201,140112),(5206,140112),(5208,140112),(8901,140112),(8103,140116),(8104,140116),(8201,140116),(401,140117),(3401,140117),(4401,140117),(401,140118),(701,140118),(1101,140118),(3401,140118),(4401,140118),(7701,140118),(7801,140118),(8801,140118),(8901,140118),(701,140119),(1101,140119),(2901,140119),(3401,140119),(3701,140119),(7901,140119),(8801,140119),(1302,140122),(3602,140124),(7501,140127),(2402,140128),(3401,140128),(4401,140128),(8901,140128),(701,140129),(2402,140129),(2901,140129),(3701,140129),(4401,140129),(7901,140129),(8801,140129),(701,140130),(1101,140130),(2901,140130),(3701,140130),(8801,140130),(2402,140131),(3401,140131),(8901,140131),(3602,140132),(8901,140132),(701,140133),(1101,140133),(1401,140133),(2402,140133),(4401,140133),(7901,140133),(8001,140133),(8801,140133),(503,140139),(8001,140141),(8801,140141),(701,140142),(2901,140142),(3404,140142),(3701,140142),(8801,140142),(3401,140143),(8001,140144),(3602,140145),(2701,140153),(4802,140157),(5201,140158),(5206,140158),(2402,140159),(3404,140159),(4401,140159),(8901,140159),(2402,140160),(8901,140160),(701,140171),(1101,140171),(2402,140171),(2701,140171),(2901,140171),(3401,140171),(3801,140171),(7901,140171),(8001,140171),(8801,140171),(8901,140171),(3602,140172),(3602,140177),(8901,140177),(8901,140178),(2402,140180),(3404,140180),(8901,140180),(2402,140181),(3402,140181),(8901,140181),(8901,140183),(3602,140184),(7501,140186),(7901,140187),(7901,140188),(701,140193),(1401,140193),(2402,140193),(2901,140193),(3401,140193),(4301,140193),(4401,140193),(6601,140193),(7801,140193),(8901,140193),(701,140194),(1101,140194),(2901,140194),(3401,140194),(7901,140194),(8801,140194),(4802,140195),(2803,140196),(5201,140196),(5205,140196),(5208,140196),(701,140197),(1101,140197),(2402,140197),(3401,140197),(3801,140197),(4301,140197),(4401,140197),(8001,140197),(8801,140197),(8901,140197),(2402,140198),(3401,140198),(4401,140198),(8901,140198),(2402,140200),(8901,140200),(3401,140201),(8001,140201),(8901,140201),(501,140203),(701,140203),(1101,140203),(3401,140203),(3701,140203),(3801,140203),(4301,140203),(7901,140203),(8801,140203),(2402,140205),(1101,140206),(3701,140206),(8801,140206),(701,140207),(1101,140207),(2901,140207),(4401,140207),(7901,140207),(8001,140207),(8801,140207),(8901,140207),(2402,140208),(3401,140208),(4401,140208),(8001,140208),(8901,140208),(8801,140209),(8001,140210),(502,140211),(701,140211),(1401,140211),(8001,140211),(8801,140211),(3602,140212),(503,140213),(701,140213),(1101,140213),(3301,140213),(3401,140213),(6302,140213),(6304,140213),(6306,140213),(7901,140213),(8801,140213),(501,140215),(701,140215),(1101,140215),(2402,140215),(3401,140215),(8201,140215),(4802,140216),(701,140217),(1101,140217),(2901,140217),(3402,140217),(3405,140217),(8801,140217),(6304,140220),(7901,140220),(1101,140221),(2402,140221),(3401,140221),(3602,140221),(3801,140221),(4301,140221),(8001,140221),(701,140222),(1101,140222),(2901,140222),(6304,140222),(8801,140222),(2402,140226),(5201,140227),(5208,140227),(8901,140227),(2701,140229),(701,140230),(8001,140230),(701,140232),(8001,140232),(3801,140233),(4401,140233),(701,140234),(1101,140234),(3701,140234),(7901,140234),(8001,140234),(8801,140234),(503,140235),(1101,140235),(2901,140235),(3701,140235),(2701,140236),(3602,140240),(401,140241),(4301,140241),(8901,140241),(701,140242),(7901,140242),(8801,140242),(5201,140244),(5201,140245),(2701,140246),(1401,140247),(2402,140247),(4401,140247),(8001,140247),(8901,140247),(1101,140253),(2402,140253),(3401,140253),(3402,140253),(8801,140253),(5206,140254),(8901,140254),(1101,140255),(3401,140255),(4401,140255),(8801,140255),(8901,140255),(2402,140256),(3401,140256),(3801,140256),(4401,140256),(8901,140256),(1401,140257),(4401,140257),(6601,140257),(8001,140257),(8901,140257),(2402,140260),(8901,140260),(1101,140261),(2402,140261),(4401,140261),(7901,140261),(8901,140261),(2402,140262),(2402,140263),(2402,140264),(2402,140266),(3602,140267),(3404,140269),(4501,140269),(8901,140269),(3602,140271),(8901,140271),(2402,140272),(2701,140272),(8901,140272),(701,140274),(1101,140274),(2901,140274),(7901,140274),(8001,140274),(1101,140277),(701,140281),(8801,140281),(1101,140282),(3401,140282),(8801,140282),(701,140283),(1101,140283),(3701,140283),(8801,140283),(3408,140285),(1101,140286),(2901,140286),(501,140287),(502,140287),(2402,140288),(503,140289),(2701,140290),(3401,140290),(2402,140293),(8901,140293),(3602,140295),(3602,140296),(3602,140297),(8901,140297),(2402,140298),(3401,140298),(3402,140298),(8901,140298),(701,140299),(1101,140299),(2701,140299),(3801,140299),(4401,140299),(8001,140299),(8901,140299),(8901,140301),(8901,140302),(2402,140303),(7501,140304),(5206,140305),(3602,140307),(8901,140309),(2402,140310),(8901,140310),(3602,140311),(8901,140311),(5206,140313),(5208,140313),(8901,140313),(5206,140315),(1201,140316),(2701,140319),(8901,140320),(3602,140321),(8901,140321),(8901,140322),(7501,140323),(3301,140324),(8001,140328),(8001,140329),(8201,140329),(3401,140330),(3602,140330),(8201,140330),(501,140331),(2402,140331),(3401,140331),(8001,140331),(3401,140332),(3801,140332),(4701,140332),(2402,140333),(1101,140334),(8801,140335),(1101,140336),(3701,140336),(502,140339),(2402,140339),(3401,140339),(4701,140339),(8801,140340),(3602,140344),(8901,140344),(2402,140346),(3401,140346),(8901,140346),(2402,140347),(3401,140347),(8901,140347),(3602,140350),(3602,140351),(8901,140351),(2701,140352),(2701,140353),(1401,140354),(4401,140354),(5101,140354),(6601,140354),(1401,140355),(2402,140355),(3401,140355),(3402,140355),(4401,140355),(8901,140355),(2804,140356),(5201,140356),(5208,140356),(8901,140356),(701,140357),(1101,140357),(7901,140357),(8001,140357),(8801,140357),(3404,140359),(8901,140359),(4802,140362),(1101,140364),(7901,140364),(8801,140364),(2402,140365),(3801,140365),(4301,140365),(8901,140365),(3602,140366),(401,140367),(4301,140367),(4401,140367),(8901,140367),(1201,140369),(1101,140374),(3401,140374),(4401,140374),(2402,140376),(2402,140378),(8901,140380),(2402,140382),(8901,140382),(8901,140383),(8999,140383),(2402,140384),(8901,140384),(3602,140387),(2402,140389),(3402,140389),(7701,140389),(8901,140389),(501,140394),(2402,140394),(3401,140394),(4701,140394),(8001,140394),(3401,140395),(8801,140395),(3602,140396),(1101,140397),(3701,140397),(8801,140397),(2402,140398),(2402,140400),(2402,140402),(701,140404),(3401,140404),(3602,140404),(3801,140404),(8001,140404),(8801,140404),(8801,140406),(1101,140410),(8801,140411),(1401,140412),(3401,140412),(3602,140412),(4701,140412),(2402,140418),(6304,140418),(8901,140418),(8901,140422),(5206,140423),(5208,140423),(8901,140423),(3602,140424),(8901,140424),(2402,140425),(3401,140425),(4401,140425),(8001,140425),(1101,140426),(2402,140426),(2701,140426),(3401,140426),(4401,140426),(6601,140426),(8001,140426),(5201,140427),(5205,140427),(5208,140427),(8901,140427),(5201,140428),(5205,140428),(8901,140428),(701,140429),(1101,140429),(2901,140429),(3001,140429),(3404,140429),(3701,140429),(4301,140429),(4401,140429),(7901,140429),(8001,140429),(8801,140429),(8801,140431),(5201,140435),(5206,140435),(5208,140435),(3401,140437),(4301,140437),(4401,140437),(8901,140437),(701,140438),(801,140438),(1101,140438),(3001,140438),(3701,140438),(7901,140438),(8001,140438),(8201,140438),(8801,140438),(1101,140439),(2901,140439),(3701,140439),(2804,140441),(5201,140441),(5208,140441),(1101,140443),(2901,140443),(3701,140443),(7901,140443),(401,140444),(4401,140444),(3602,140446),(2402,140447),(4401,140447),(7801,140447),(8901,140447),(7801,140448),(8901,140448),(2402,140451),(2402,140452),(2402,140453),(3401,140453),(8901,140453),(2402,140458),(3401,140458),(2402,140461),(3404,140461),(2402,140464),(3401,140464),(8901,140464),(2402,140465),(3401,140465),(8901,140465),(2402,140466),(3401,140466),(8901,140466),(3404,140468),(4301,140468),(4401,140468),(2402,140469),(3401,140469),(8901,140469),(2402,140470),(3401,140470),(8901,140470),(2402,140471),(3401,140471),(8901,140471),(1101,140474),(2901,140474),(3701,140474),(1401,140480),(3401,140480),(4301,140480),(4401,140480),(8901,140480),(8104,140482),(3602,140484),(8901,140484),(7901,140488),(701,140489),(1101,140489),(3401,140489),(3701,140489),(8801,140489),(1101,140490),(7901,140490),(8801,140490),(2901,140491),(3701,140491),(7901,140491),(7901,140493),(3701,140495),(701,140496),(1101,140496),(2402,140496),(3401,140496),(3701,140496),(4401,140496),(8801,140496),(501,140497),(502,140497),(5201,140500),(5202,140500),(5208,140500),(2402,140514),(2402,140515),(2402,140516),(2402,140518),(2402,140519),(2402,140522),(8901,140522),(401,140523),(3401,140523),(4301,140523),(4401,140523),(7701,140523),(7801,140523),(8901,140524),(3602,140525),(8901,140525),(1401,140526),(3101,140526),(5101,140526),(6601,140526),(2402,140528),(7801,140528),(8901,140528),(3602,140532),(3602,140533),(3404,140542),(4301,140542),(8901,140542),(2402,140543),(8901,140543),(3401,140544),(7701,140544),(8901,140544),(8001,140545),(503,140546),(1101,140546),(3701,140546),(8801,140546),(503,140547),(8801,140547),(2901,140548),(6303,140549),(6306,140549),(701,140550),(1101,140550),(3401,140550),(8001,140550),(8801,140550),(701,140551),(1101,140551),(3401,140551),(8801,140551),(401,140552),(2402,140552),(3401,140552),(4301,140552),(4401,140552),(5208,140553),(5201,140554),(5208,140554),(701,140555),(1101,140555),(2402,140555),(3101,140555),(3401,140555),(3701,140555),(4401,140555),(6601,140555),(8801,140555),(1401,140556),(5101,140556),(6001,140557),(7203,140557),(2901,140559),(3701,140559),(503,140562),(501,140563),(6001,140565),(7203,140565),(6001,140566),(501,140567),(7901,140568),(401,140569),(2402,140569),(8901,140569),(8001,140574),(3602,140575),(701,140576),(1101,140576),(3401,140576),(8001,140576),(8801,140576),(2402,140578),(8901,140578),(3401,140579),(3408,140579),(8001,140579),(8801,140579),(8901,140579),(1101,140581),(3701,140581),(4301,140582),(4401,140582),(8901,140582),(2402,140583),(8901,140583),(1401,140584),(3401,140584),(3801,140584),(4301,140584),(8001,140584),(6001,140587),(6001,140595),(1101,140599),(2901,140599),(3701,140599),(8801,140599),(701,140602),(3401,140602),(8001,140602),(8801,140602),(8901,140602),(3401,140603),(8001,140603),(8901,140603),(1101,140604),(2901,140604),(8801,140604),(3401,140605),(3408,140605),(8901,140605),(3401,140607),(701,140608),(1101,140608),(8801,140608),(3602,140609),(8001,140610),(8801,140611),(1101,140612),(1101,140613),(2901,140613),(3701,140613),(5201,140614),(5206,140614),(5208,140614),(701,140617),(1101,140617),(2901,140617),(3701,140617),(6302,140617),(8801,140617),(8901,140619),(2402,140620),(3101,140620),(8901,140620),(8901,140621),(8901,140622),(5201,140623),(8901,140623),(2402,140624),(8901,140624),(3602,140626),(8901,140626),(8901,140627),(8901,140628),(7901,140629),(1101,140630),(3701,140630),(7901,140630),(2402,140631),(701,140633),(1101,140633),(3701,140633),(4401,140633),(6601,140633),(8001,140633),(8801,140633),(701,140634),(1101,140634),(4401,140634),(8001,140634),(8801,140634),(2901,140635),(1101,140636),(3701,140636),(503,140637),(8801,140638),(7901,140648),(401,140649),(701,140649),(1101,140649),(2402,140649),(3401,140649),(3701,140649),(4401,140649),(4701,140649),(8801,140649),(401,140650),(3401,140650),(4301,140650),(4401,140650),(701,140651),(3401,140651),(4401,140651),(6601,140651),(8001,140651),(8901,140651),(2901,140653),(3701,140654),(503,140655),(8801,140656),(6001,140657),(7203,140657),(3701,140658),(7901,140658),(503,140659),(501,140660),(502,140661),(1101,140662),(2402,140662),(8001,140662),(8801,140662),(7901,140663),(2402,140664),(4301,140664),(4401,140664),(8901,140664),(701,140667),(1101,140667),(3101,140667),(3301,140667),(4401,140667),(7901,140667),(8001,140667),(8801,140667),(8901,140667),(2401,140669),(2402,140669),(7801,140673),(8901,140673),(2402,140674),(8901,140674),(2402,140675),(8901,140675),(1101,140682),(1401,140682),(3801,140682),(4301,140682),(7301,140682),(7901,140682),(8801,140682),(7301,140683),(7901,140683),(8001,140683),(2402,140684),(3602,140685),(2206,140687),(2402,140688),(3101,140688),(3402,140688),(8901,140688),(3602,140689),(8901,140689),(2402,140690),(8901,140690),(3602,140691),(8901,140691),(1201,140692),(4301,140693),(1101,140698),(2901,140698),(3701,140698),(8801,140698),(2203,140701),(6401,140702),(6501,140702),(3701,140703),(701,140705),(1101,140705),(3401,140705),(4401,140705),(8801,140705),(701,140706),(1101,140706),(2402,140706),(3405,140706),(3701,140706),(4401,140706),(8801,140706),(8901,140706),(503,140708),(3701,140709),(7901,140709),(8801,140709),(501,140710),(701,140713),(1101,140713),(2901,140713),(3701,140713),(7901,140713),(8801,140713),(503,140715),(701,140727),(1101,140727),(3701,140727),(4401,140727),(8001,140727),(8801,140727),(501,140729),(2901,140730),(6401,140732),(6501,140732),(803,140733),(503,140734),(3701,140738),(5201,140741),(8901,140741),(701,140742),(1101,140742),(3701,140742),(8001,140742),(8801,140742),(3401,140743),(3405,140743),(4301,140743),(4701,140743),(1101,140744),(1101,140745),(502,140746),(503,140746),(801,140746),(2901,140746),(3801,140746),(501,140747),(503,140747),(2601,140749),(2601,140750),(2601,140751),(2604,140751),(2901,140767),(2901,140768),(503,140769),(3901,140769),(3602,140770),(2901,140771),(7901,140773),(7901,140774),(5201,140779),(5208,140779),(3602,140780),(8901,140780),(5201,140781),(4301,140782),(3602,140783),(2701,140784),(3401,140784),(6001,140785),(6001,140786),(401,140787),(701,140787),(4401,140787),(7901,140787),(8901,140787),(8201,140797),(3602,140798),(701,140802),(3701,140802),(1101,140803),(1101,140804),(8801,140804),(8104,140805),(501,140815),(502,140815),(503,140815),(2206,140820),(3602,140820),(3602,140821),(501,140826),(502,140826),(503,140826),(502,140827),(8104,140832),(1101,140844),(2901,140844),(2402,140857),(2701,140857),(3401,140857),(8901,140857),(3401,140858),(3602,140858),(4301,140858),(4401,140858),(8901,140858),(2402,140859),(3401,140859),(8901,140859),(2402,140860),(8901,140860),(2402,140861),(3401,140861),(4401,140861),(2402,140864),(3402,140864),(4401,140864),(8901,140864),(3401,140865),(4401,140865),(8901,140865),(3401,140866),(8001,140866),(8801,140867),(1101,140868),(2402,140870),(3404,140870),(6601,140870),(8001,140870),(3401,140871),(8001,140871),(1401,140872),(8001,140872),(8801,140873),(1101,140874),(503,140876),(701,140877),(1101,140877),(3701,140877),(7901,140877),(8001,140877),(8801,140877),(3401,140878),(3402,140878),(1101,140880),(3401,140880),(3602,140880),(3701,140880),(4701,140880),(2402,140881),(3401,140881),(503,140882),(3408,140883),(8001,140883),(701,140892),(2901,140892),(3401,140892),(3402,140892),(8001,140892),(8801,140892),(3602,140897),(3602,140898),(8901,140900),(5206,140901),(8104,140903),(8104,140904),(8901,140905),(3602,140906),(8901,140906),(3404,140907),(8901,140907),(7901,140910),(7901,140911),(7901,140913),(7901,140914),(401,140917),(4301,140917),(4401,140917),(8901,140917),(7501,140920),(8901,140921),(501,140923),(502,140923),(503,140923),(501,140924),(502,140924),(503,140924),(2901,140925),(2402,140927),(3404,140927),(7701,140927),(8901,140927),(2901,140928),(3701,140928),(7901,140928),(7901,140929),(7901,140931),(7901,140934),(401,140936),(701,140936),(1101,140936),(1401,140936),(2701,140936),(2901,140936),(3701,140936),(4301,140936),(4401,140936),(8801,140936),(701,140937),(1101,140937),(1401,140937),(2701,140937),(2901,140937),(3401,140937),(4301,140937),(4401,140937),(8001,140937),(8801,140937),(701,140939),(2901,140939),(3408,140939),(3701,140939),(4301,140939),(4401,140939),(8001,140939),(8801,140939),(2901,140941),(3301,140945),(3301,140946),(6401,140946),(7901,140947),(5206,140951),(5208,140951),(7901,140952),(701,140953),(1101,140953),(3401,140953),(3701,140953),(8801,140953),(5206,140954),(7901,140955),(7901,140956),(7901,140957),(5901,140959),(7901,140959),(1101,140960),(2402,140964),(3401,140964),(701,140965),(4802,140970),(701,140971),(1101,140971),(2901,140971),(3701,140971),(4401,140971),(8001,140971),(8901,140971),(8001,140977),(5201,140985),(8901,140985),(8901,140987),(701,140988),(1101,140988),(2402,140988),(2701,140988),(4401,140988),(8201,140988),(8801,140988),(2701,140990),(4802,140993),(1101,140995),(1101,140999),(2901,140999),(3701,140999),(8801,140999),(2402,141000),(8901,141000),(2402,141003),(8901,141003),(2402,141004),(8901,141004),(1101,141006),(3701,141006),(701,141009),(1101,141009),(2901,141009),(3401,141009),(4301,141009),(8801,141009),(1101,141011),(2901,141011),(3701,141011),(701,141013),(1101,141013),(2901,141013),(3701,141013),(8801,141013),(8901,141013),(701,141014),(2901,141014),(3801,141014),(8801,141014),(1401,141015),(5101,141015),(6601,141015),(2402,141016),(4401,141016),(6301,141016),(7801,141016),(701,141017),(901,141017),(1101,141017),(2402,141017),(2901,141017),(4401,141017),(8001,141017),(701,141018),(1101,141018),(2402,141018),(2901,141018),(3401,141018),(3701,141018),(4701,141018),(7901,141018),(8001,141018),(8801,141018),(8901,141018),(503,141021),(1101,141025),(2901,141025),(3701,141025),(701,141028),(8001,141028),(8801,141028),(3602,141030),(2402,141031),(3402,141031),(8901,141031),(6306,141034),(1101,141035),(5101,141035),(8201,141035),(7901,141037),(2402,141039),(8901,141039),(4301,141040),(4401,141040),(6603,141040),(8901,141040),(401,141066),(4301,141066),(4401,141066),(4401,141067),(7701,141067),(7801,141067),(4401,141068),(7701,141068),(7801,141068),(1101,141069),(2901,141069),(3701,141069),(701,141074),(3401,141074),(4301,141074),(8001,141074),(8801,141074),(8901,141074),(3602,141075),(1101,141083),(503,141084),(3602,141087),(8001,141089),(1101,141090),(2901,141090),(3701,141090),(8801,141090),(1101,141096),(2901,141096),(3701,141096),(501,141099),(701,141099),(1101,141099),(2901,141099),(3401,141099),(3701,141099),(7901,141099),(8001,141099),(8801,141099),(1101,141102),(503,141103),(502,141107),(701,141107),(1101,141107),(1401,141107),(2402,141107),(3401,141107),(3402,141107),(3602,141107),(3801,141107),(4701,141107),(6601,141107),(8001,141107),(8801,141107),(502,141109),(3401,141109),(701,141110),(1101,141110),(2901,141110),(3401,141110),(8001,141110),(8801,141110),(3401,141112),(8001,141112),(502,141114),(701,141114),(1101,141114),(2402,141114),(3401,141114),(3405,141114),(8001,141114),(8801,141114),(1401,141115),(2402,141115),(3401,141115),(4701,141115),(8001,141115),(701,141117),(1101,141117),(2901,141117),(3401,141117),(3701,141117),(8801,141117),(1101,141118),(1401,141119),(2402,141119),(3401,141119),(4701,141119),(8001,141119),(801,141120),(1101,141120),(2901,141120),(1101,141123),(2402,141123),(3401,141123),(3602,141123),(8801,141123),(401,141131),(4301,141131),(4401,141131),(3602,141133),(8901,141133),(2402,141134),(8901,141134),(2402,141136),(8901,141136),(2402,141137),(4401,141137),(8901,141137),(3602,141138),(2402,141139),(3402,141139),(8901,141139),(3602,141140),(2402,141141),(3402,141141),(8901,141141),(3602,141142),(3602,141143),(1401,141144),(2402,141144),(7701,141144),(8001,141144),(8901,141144),(501,141146),(502,141146),(503,141146),(8801,141148),(6401,141149),(1101,141150),(2901,141157),(7901,141158),(7901,141162),(2402,141163),(7801,141163),(8901,141163),(401,141164),(4301,141164),(4701,141164),(7701,141164),(2701,141165),(6001,141166),(2901,141168),(1101,141169),(2901,141169),(3701,141169),(3602,141171),(8901,141171),(4301,141172),(4401,141172),(6601,141172),(7701,141172),(401,141174),(4301,141174),(4401,141174),(401,141175),(4301,141175),(4401,141175),(401,141177),(2402,141177),(3404,141177),(2402,141178),(3401,141178),(3402,141178),(4301,141178),(4401,141178),(401,141180),(4301,141180),(4401,141180),(3602,141181),(8901,141181),(7901,141182),(701,141185),(1101,141185),(3401,141185),(4401,141185),(8001,141185),(8801,141185),(5201,141186),(5206,141186),(701,141187),(1101,141187),(2901,141187),(3701,141187),(8801,141187),(2804,141192),(5201,141192),(5206,141192),(5208,141192),(501,141194),(2901,141195),(401,141197),(701,141197),(1101,141197),(2901,141197),(3701,141197),(4301,141197),(4401,141197),(8801,141197),(1101,141198),(2901,141198),(3701,141198),(501,141200),(502,141200),(503,141200),(7901,141203),(7901,141205),(7901,141206),(7901,141207),(5206,141208),(8901,141208),(1101,141209),(2701,141209),(2901,141209),(3408,141209),(3701,141209),(4301,141209),(4401,141209),(8801,141209),(401,141217),(2402,141217),(3404,141217),(4301,141217),(4401,141217),(8901,141217),(401,141218),(4301,141218),(4401,141218),(8901,141218),(3401,141221),(4301,141221),(4401,141221),(8901,141221),(3401,141222),(3408,141223),(2901,141224),(1101,141226),(2901,141226),(3701,141226),(6303,141228),(6306,141228),(501,141229),(502,141229),(503,141229),(701,141230),(1101,141230),(3701,141230),(4401,141230),(8001,141230),(8801,141230),(1401,141231),(4401,141231),(6601,141231),(2402,141233),(3401,141233),(4401,141233),(701,141234),(1101,141234),(3701,141234),(8801,141234),(1101,141236),(2901,141236),(3701,141236),(701,141238),(1101,141238),(2901,141238),(3701,141238),(6304,141238),(8801,141238),(2402,141240),(3404,141240),(3602,141242),(7901,141246),(6303,141248),(6306,141248),(1101,141249),(2901,141249),(3701,141249),(2402,141251),(8901,141251),(2402,141254),(3404,141254),(6001,141255),(5201,141256),(8901,141256),(2402,141261),(8901,141261),(3602,141262),(2402,141263),(3401,141263),(8901,141263),(4401,141264),(401,141265),(4301,141265),(3602,141266),(401,141267),(4301,141267),(2402,141268),(8901,141268),(2401,141270),(2402,141270),(7901,141272),(8901,141274),(4802,141275),(5201,141276),(5202,141276),(5205,141276),(5206,141276),(8901,141276),(1401,141278),(2402,141278),(3401,141278),(8901,141278),(1401,141279),(2402,141279),(8901,141279),(3602,141280),(2402,141281),(3401,141281),(8901,141281),(2402,141282),(3401,141282),(8901,141282),(4401,141284),(2401,141285),(3401,141285),(401,141286),(8901,141286),(401,141287),(3401,141287),(3602,141287),(4301,141287),(4401,141287),(8901,141287),(2402,141288),(4301,141290),(4401,141290),(2402,141291),(701,141292),(1101,141292),(2901,141292),(3701,141292),(4401,141292),(7901,141292),(8801,141292),(1101,141653),(2901,141653),(3701,141653),(1101,141655),(2901,141655),(4802,141658),(2402,141659),(3404,141659),(8901,141659),(3401,141660),(3602,141660),(8001,141660),(8001,141661),(1101,141666),(3602,141668),(8901,141668),(2402,141669),(3404,141669),(8901,141669),(1101,141674),(3401,141674),(3602,141674),(8801,141674),(1101,141675),(2402,141676),(3401,141676),(8001,141676),(503,141677),(701,141678),(1101,141678),(2402,141678),(3401,141678),(3801,141678),(7901,141678),(8001,141678),(701,141679),(1101,141679),(7901,141679),(8801,141679),(701,141680),(1101,141680),(8801,141680),(701,141682),(3401,141682),(1101,141683),(8801,141683),(1101,141684),(8801,141684),(5206,141691),(5208,141691),(3602,141692),(8901,141692),(2402,141694),(8901,141694),(3602,141696),(2402,141697),(8901,141697),(7901,141699),(7901,141701),(7901,141703),(7901,141704),(7901,141705),(8901,141707),(3602,141708),(8901,141708),(3602,141709),(8901,141709),(4301,141710),(4401,141710),(8901,141710),(7501,141711),(1301,141715),(401,141717),(4301,141717),(2402,141719),(2402,141720),(2701,141720),(4303,141720),(8901,141720),(2402,141724),(8901,141724),(2402,141725),(2402,141726),(3602,141726),(8901,141726),(1101,141727),(3701,141727),(7901,141727),(503,141729),(401,141730),(3401,141730),(3602,141730),(4301,141730),(4401,141730),(2402,141731),(3602,141731),(4401,141731),(4701,141731),(8001,141731),(8901,141731),(5201,141732),(8901,141732),(5201,141733),(5202,141733),(5201,141734),(2701,141735),(7901,141740),(5201,141741),(5206,141741),(5208,141741),(6001,141743),(7203,141743),(1101,141745),(3401,141745),(4401,141745),(8801,141745),(8901,141745),(2901,141747),(6401,141747),(2402,141752),(2402,141753),(401,141754),(4301,141754),(2402,141755),(4401,141755),(1401,141756),(1501,141756),(4301,141756),(2402,141757),(4401,141757),(7901,141758),(5206,141759),(1101,141761),(2901,141761),(6301,141761),(4301,141762),(8901,141765),(401,141766),(4301,141766),(8901,141766),(2402,141767),(8901,141767),(5901,141769),(701,141770),(2402,141770),(4401,141770),(8001,141770),(8801,141770),(8901,141770),(3701,141772),(7901,141772),(5201,141773),(5206,141773),(2402,141775),(3401,141775),(3602,141775),(4401,141775),(401,141776),(4301,141776),(4401,141776),(1101,141777),(3401,141777),(8801,141777),(4802,141778),(502,141781),(701,141782),(1101,141782),(3701,141782),(4401,141782),(8801,141782),(5201,141785),(5206,141785),(5206,141786),(1101,141787),(3701,141789),(7901,141789),(5206,141794),(701,141795),(1101,141795),(2402,141795),(3401,141795),(8001,141795),(8801,141795),(401,141796),(2901,141796),(3401,141796),(3701,141796),(3801,141796),(4401,141796),(8801,141796),(8901,141796),(401,141797),(3401,141797),(4301,141797),(4401,141797),(8901,141797),(1401,141798),(2402,141798),(3801,141798),(6601,141798),(8001,141799),(7901,141800),(7901,141801),(5201,141802),(5206,141802),(2901,141803),(6401,141803),(503,141804),(8801,141805),(1101,141806),(3401,141806),(4401,141806),(8801,141806),(7901,141807),(2402,141809),(3401,141809),(4401,141809),(8901,141809),(1101,141810),(3701,141810),(2901,141812),(3001,141813),(6401,141813),(3001,141814),(6401,141814),(1101,141815),(3701,141815),(7901,141818),(7901,141819),(7901,141822),(503,141830),(8901,141836),(2402,141837),(4401,141837),(8901,141837),(3301,141839),(3301,141840),(701,141844),(1101,141844),(3701,141844),(8001,141844),(8801,141844),(8104,141845),(2402,141847),(3401,141847),(3801,141847),(4401,141847),(8801,141847),(8901,141847),(3602,141848),(8901,141848),(701,141849),(1101,141849),(8801,141849),(9002,141849),(4802,141850),(1101,141851),(8001,141851),(8801,141851),(701,141861),(3701,141862),(3401,141863),(3801,141863),(4401,141863),(4701,141863),(3401,141864),(3602,141864),(8901,141864),(1101,141869),(1101,141870),(8801,141870),(1101,141871),(3701,141871),(8801,141871),(3401,141872),(701,141873),(3701,141873),(8801,141873),(701,141874),(2901,141874),(3701,141874),(1101,141879),(3401,141879),(8001,141879),(8801,141879),(2402,141882),(8001,141882),(8901,141882),(8901,141883),(701,141885),(1101,141885),(8001,141885),(8801,141885),(2402,141887),(3401,141887),(8001,141887),(3401,141889),(3405,141889),(401,141891),(4301,141891),(4401,141891),(4701,141891),(8901,141891),(2402,141894),(8001,141894),(8801,141895),(401,141901),(2402,141901),(3401,141901),(4401,141901),(8901,141901),(3602,141902),(5206,141903),(3602,141904),(2901,141905),(8001,141905),(8201,141905),(2901,141906),(3701,141906),(2402,141909),(8901,141909),(5206,141910),(8901,141910),(8901,141912),(2402,141913),(8001,141913),(8901,141913),(2402,141914),(8901,141914),(7901,141915),(7901,141916),(701,141917),(1101,141917),(3701,141917),(7901,141917),(8801,141917),(7901,141919),(2402,141920),(3402,141920),(8901,141920),(3602,141921),(8901,141921),(5206,141922),(5208,141922),(8901,141922),(8901,141923),(7501,141924),(8104,141925),(5201,141926),(5206,141927),(7901,141936),(1101,141937),(2901,141938),(3701,141938),(1101,141941),(3401,141941),(3701,141941),(8801,141941),(7901,141943),(5206,141945),(3701,141947),(7901,141947),(1101,141950),(2901,141950),(3701,141950),(7901,141950),(1101,141952),(501,141957),(502,141957),(503,141957),(6201,141959),(6001,141961),(701,141962),(1101,141962),(2901,141962),(3701,141962),(7901,141962),(8801,141962),(401,141963),(2402,141963),(3401,141963),(3402,141963),(3801,141963),(4401,141963),(8901,141963),(4802,141964),(401,141966),(3401,141966),(4301,141966),(4401,141966),(8104,141967),(8201,141967),(401,141969),(1101,141969),(2701,141969),(2901,141969),(3701,141969),(3801,141969),(4401,141969),(4701,141969),(7901,141969),(8901,141969),(401,141970),(1101,141970),(2701,141970),(3401,141970),(3701,141970),(4401,141970),(8801,141970),(8901,141970),(1101,141971),(2901,141972),(1101,141973),(3701,141973),(7901,141973),(8801,141973),(8801,141974),(501,141975),(502,141975),(503,141975),(2402,141976),(8901,141976),(3602,141977),(4401,141978),(8901,141978),(7901,141985),(7901,141986),(7901,141987),(7901,141988),(7901,141989),(7901,141990),(7901,141992),(7901,141993),(7901,141994),(7901,141997),(7901,141998),(7901,141999),(7901,142000),(7901,142001),(1101,142006),(2901,142006),(7901,142006),(8901,142007),(3602,142008),(8901,142008),(7901,142011),(7901,142013),(7901,142015),(3602,142016),(8901,142017),(5901,142020),(5901,142021),(3301,142038),(3301,142040),(2601,142047),(503,142069),(501,142070),(501,142071),(4301,142073),(8901,142073),(701,142074),(7901,142074),(701,142076),(1101,142076),(3701,142076),(7901,142076),(8801,142076),(2701,142077),(8901,142077),(2701,142078),(8901,142078),(2402,142079),(7901,142080),(6401,142085),(1101,142088),(7901,142088),(8801,142088),(4301,142089),(8901,142089),(7901,142092),(7901,142093),(7901,142095),(5206,142097),(8901,142097),(1401,142100),(3602,142100),(8901,142100),(2402,142101),(3801,142101),(4401,142101),(8901,142101),(3602,142102),(8901,142102),(2901,142107),(2402,142108),(8901,142108),(8801,142111),(502,142112),(503,142112),(7901,142113),(3602,142114),(3602,142117),(7901,142121),(7901,142123),(5201,142124),(5204,142124),(5206,142124),(8901,142124),(5201,142125),(5206,142125),(8901,142125),(3602,142137),(2402,142142),(3401,142142),(401,142143),(4301,142143),(4401,142143),(2402,142144),(3401,142144),(8001,142144),(8901,142144),(1101,142146),(3701,142146),(8801,142146),(8001,142149),(401,142152),(4301,142152),(4401,142152),(701,142153),(1101,142153),(7901,142153),(8801,142153),(701,142154),(1101,142154),(3701,142154),(8801,142154),(8001,142155),(502,142156),(1101,142158),(3701,142160),(1101,142163),(3701,142163),(3401,142164),(8001,142164),(3401,142165),(8001,142165),(4802,142166),(1101,142167),(3405,142167),(8001,142167),(8801,142167),(8901,142167),(701,142169),(1101,142169),(8801,142169),(2402,142172),(3401,142172),(8001,142172),(2402,142176),(3401,142176),(4701,142176),(8801,142176),(1101,142178),(3401,142179),(8001,142179),(401,142180),(2402,142180),(3801,142180),(4401,142180),(1101,142181),(8801,142181),(503,142182),(7901,142184),(1101,142185),(2402,142185),(3401,142185),(8001,142185),(1101,142186),(2402,142186),(3401,142186),(8201,142186),(2402,142187),(3401,142187),(4401,142187),(4701,142187),(701,142188),(8001,142188),(8801,142188),(1101,142189),(3401,142189),(8801,142189),(1101,142190),(3701,142190),(8801,142190),(3404,142193),(2402,142200),(8901,142200),(2402,142201),(8901,142201),(3602,142202),(3602,142204),(8901,142204),(3602,142205),(3602,142207),(8901,142207),(8901,142208),(2402,142209),(8901,142209),(3602,142213),(8901,142213),(3602,142214),(8901,142214),(7901,142220),(1401,142223),(3101,142223),(3401,142223),(6601,142223),(8901,142223),(2402,142224),(3401,142224),(4401,142224),(6601,142224),(8901,142224),(7901,142225),(7901,142226),(7901,142227),(701,142228),(1101,142228),(3401,142228),(3701,142228),(3801,142228),(8201,142228),(8801,142228),(3701,142229),(2402,142231),(3402,142231),(8901,142231),(2402,142233),(3402,142233),(8901,142233),(503,142236),(502,142237),(501,142238),(5201,142239),(8901,142239),(5201,142240),(8901,142240),(2402,142242),(3401,142242),(4401,142242),(8001,142242),(8901,142242),(3401,142243),(4401,142243),(8001,142243),(8901,142243),(701,142244),(1101,142244),(2402,142244),(2901,142244),(3401,142244),(3701,142244),(4401,142244),(8801,142244),(503,142247),(2402,142250),(3401,142250),(3801,142250),(4401,142250),(6601,142250),(4802,142251),(503,142253),(502,142254),(501,142255),(501,142256),(5201,142257),(8901,142257),(701,142259),(1101,142259),(1401,142259),(2901,142259),(3701,142259),(4401,142259),(8901,142259),(2402,142260),(4301,142260),(4401,142260),(1401,142261),(3401,142261),(3801,142261),(4701,142261),(8001,142261),(1101,142262),(2901,142263),(3701,142264),(6401,142265),(6501,142265),(503,142267),(7901,142270),(501,142272),(502,142272),(503,142272),(8901,142274),(2402,142279),(3402,142279),(8901,142279),(3602,142280),(8901,142280),(2206,142281),(3602,142282),(8901,142282),(401,142284),(8901,142284),(3602,142285),(401,142286),(4301,142286),(4401,142286),(2402,142287),(8901,142287),(701,142288),(7901,142288),(4301,142289),(401,142292),(4301,142292),(4401,142292),(8901,142292),(5206,142293),(8901,142293),(3602,142294),(8901,142294),(5206,142297),(701,142298),(1101,142298),(3401,142298),(7901,142298),(8001,142298),(8801,142298),(2402,142300),(2402,142301),(1101,142303),(2901,142303),(2901,142304),(5201,142307),(5205,142307),(701,142308),(1101,142308),(7901,142308),(8801,142308),(3701,142309),(7901,142311),(503,142313),(501,142314),(1101,142316),(8801,142317),(2901,142319),(3401,142320),(401,142321),(1101,142321),(2402,142321),(3401,142321),(3801,142321),(4401,142321),(701,142322),(3701,142322),(7901,142322),(8801,142322),(3602,142323),(8901,142323),(701,142325),(1101,142325),(3401,142325),(8801,142325),(1101,142326),(2402,142326),(3401,142326),(8801,142326),(2402,142327),(3401,142327),(3405,142327),(4701,142327),(8901,142327),(1101,142329),(1101,142334),(8801,142334),(2402,142335),(3401,142335),(3405,142335),(4701,142335),(8001,142335),(701,142336),(1101,142336),(3701,142336),(8801,142336),(3401,142337),(8001,142337),(2402,142338),(3401,142340),(8801,142340),(2402,142341),(8001,142341),(3701,142342),(2402,142343),(6301,142345),(1301,142348),(7901,142350),(1101,142352),(2402,142352),(3401,142352),(4401,142352),(8801,142352),(701,142353),(801,142353),(1101,142353),(2901,142353),(3701,142353),(4401,142353),(8801,142353),(401,142354),(2402,142354),(3401,142354),(4401,142354),(8901,142354),(1401,142355),(6601,142355),(5201,142356),(8901,142356),(5201,142357),(5206,142357),(8901,142357),(1101,142358),(2901,142359),(2901,142360),(3701,142360),(8801,142360),(3701,142361),(503,142363),(7901,142364),(701,142366),(1101,142366),(2402,142366),(2901,142366),(3401,142366),(3701,142366),(8801,142366),(701,142367),(801,142367),(1101,142367),(2901,142367),(3701,142367),(8401,142367),(8801,142367),(2901,142369),(2901,142370),(8801,142372),(503,142373),(7901,142374),(7901,142375),(3701,142376),(1101,142377),(501,142378),(502,142378),(503,142378),(3602,142379),(8901,142379),(3602,142381),(8901,142381),(2402,142382),(3402,142382),(8901,142382),(401,142383),(701,142383),(1101,142383),(2402,142383),(3401,142383),(3801,142383),(4401,142383),(8001,142383),(8801,142383),(8901,142383),(401,142384),(701,142384),(1101,142384),(1401,142384),(2402,142384),(3401,142384),(3801,142384),(4401,142384),(8001,142384),(8801,142384),(8901,142384),(2801,142385),(5201,142385),(5205,142385),(8901,142385),(6001,142386),(7203,142386),(2901,142388),(1101,142392),(503,142395),(3701,142398),(7901,142398),(2402,142401),(3401,142401),(3801,142401),(4301,142401),(4401,142401),(8001,142401),(8801,142401),(8901,142401),(4401,142402),(6601,142402),(2701,142403),(1401,142405),(3801,142405),(4401,142405),(2402,142406),(3401,142406),(3402,142406),(4401,142406),(8901,142406),(503,142410),(501,142411),(8901,142415),(3602,142416),(2402,142417),(8901,142417),(3602,142418),(8901,142418),(2402,142419),(3401,142419),(8901,142419),(3602,142422),(2402,142424),(2402,142426),(7501,142427),(2402,142434),(2402,142436),(8104,142439),(4301,142441),(1101,142442),(7901,142442),(8801,142442),(3602,142443),(401,142445),(2402,142445),(3801,142445),(4401,142445),(1101,142447),(2901,142447),(1101,142448),(2901,142448),(2402,142449),(8901,142449),(3602,142450),(2402,142453),(4401,142453),(8901,142453),(701,142459),(1101,142459),(2402,142459),(3401,142459),(8001,142459),(8801,142459),(1101,142463),(1101,142465),(3401,142465),(8801,142465),(8001,142466),(3401,142467),(4701,142467),(8001,142467),(501,142468),(2402,142468),(3401,142468),(3402,142468),(2402,142469),(2901,142469),(3401,142469),(8001,142469),(1101,142478),(2901,142479),(3701,142480),(6001,142488),(503,142489),(1101,142491),(2901,142491),(3701,142491),(2901,142492),(2901,142493),(6401,142493),(2901,142494),(503,142495),(701,142496),(1101,142496),(3701,142496),(8801,142496),(3701,142497),(7901,142497),(3101,142498),(4301,142498),(4401,142498),(7701,142498),(3602,142500),(8901,142500),(2402,142502),(3401,142502),(4401,142502),(701,142503),(1101,142503),(3801,142503),(4401,142503),(8001,142503),(8901,142503),(2901,142504),(3701,142504),(7901,142504),(5201,142505),(8901,142505),(7901,142509),(8801,142509),(8901,142509),(701,142511),(1101,142511),(3701,142511),(4401,142511),(7901,142511),(8801,142511),(401,142512),(3401,142512),(3402,142512),(3801,142512),(4401,142512),(4701,142512),(8901,142512),(1101,142514),(7901,142514),(503,142518),(3701,142519),(701,142520),(1101,142520),(2901,142520),(3701,142520),(8801,142520),(502,142522),(503,142523),(501,142524),(3701,142525),(2701,142526),(401,142528),(4301,142528),(4401,142528),(8901,142528),(701,142529),(1101,142529),(2901,142529),(3401,142529),(3801,142529),(7901,142529),(8001,142529),(8801,142529),(701,142531),(1101,142531),(2901,142531),(7901,142531),(8001,142531),(8801,142531),(502,142532),(2901,142533),(7901,142533),(503,142534),(401,142537),(4301,142537),(701,142539),(1101,142539),(2701,142539),(3402,142539),(8001,142539),(8801,142539),(3401,142541),(4301,142541),(4401,142541),(8901,142541),(701,142543),(1101,142543),(3701,142543),(6401,142543),(8201,142543),(8801,142543),(5201,142544),(5202,142544),(8901,142544),(5201,142545),(4802,142546),(503,142549),(701,142553),(1101,142553),(2402,142553),(3401,142553),(3801,142553),(8801,142553),(8901,142553),(3701,142554),(401,142556),(4301,142556),(4401,142556),(7701,142556),(7801,142556),(8901,142556),(3101,142558),(4401,142558),(7701,142558),(3602,142559),(2402,142561),(3401,142561),(3602,142562),(2402,142565),(8901,142569),(2402,142570),(8901,142570),(2402,142571),(2601,142573),(5202,142575),(5204,142575),(5201,142576),(5204,142576),(5206,142576),(8901,142576),(3602,142577),(8901,142577),(3602,142578),(8901,142578),(2402,142579),(8901,142579),(2402,142582),(8901,142582),(2402,142583),(8901,142583),(4802,142584),(701,142585),(1101,142585),(8801,142585),(701,142586),(8801,142586),(503,142587),(1101,142588),(8801,142588),(3401,142589),(3401,142590),(3402,142590),(3405,142590),(3801,142590),(4401,142590),(4701,142590),(8001,142590),(3401,142591),(3401,142592),(3405,142592),(3801,142592),(4401,142592),(8001,142592),(401,142593),(3401,142593),(3801,142593),(4401,142593),(8001,142593),(8801,142593),(701,142594),(1101,142594),(8801,142594),(8001,142596),(1101,142597),(3401,142598),(8001,142598),(2901,142603),(1101,142606),(2901,142606),(6303,142606),(8001,142606),(8801,142606),(8001,142608),(2901,142609),(3701,142609),(8801,142610),(3401,142611),(4701,142611),(8001,142611),(8901,142611),(503,142612),(801,142612),(1101,142612),(7901,142612),(1101,142614),(2901,142614),(3701,142614),(6304,142614),(1101,142615),(6304,142615),(8801,142615),(502,142616),(701,142616),(1101,142616),(3401,142616),(3402,142616),(8901,142616),(8901,142617),(3602,142618),(3602,142619),(8901,142619),(2401,142620),(8901,142620),(1101,142623),(6304,142623),(6302,142624),(1101,142625),(8801,142625),(7901,142626),(7901,142627),(2901,142628),(7901,142631),(7901,142632),(2402,142633),(3401,142633),(4401,142633),(3401,142634),(4301,142634),(4401,142634),(8901,142634),(701,142636),(1101,142636),(8001,142636),(8801,142636),(3401,142637),(2901,142638),(3001,142638),(2901,142639),(6401,142639),(503,142640),(7901,142641),(6001,142642),(7203,142642),(2901,142643),(2901,142644),(1101,142645),(3701,142645),(2901,142646),(3701,142646),(1101,142647),(503,142648),(501,142649),(701,142652),(1101,142652),(2701,142652),(3401,142652),(3402,142652),(3701,142652),(4401,142652),(8801,142652),(2402,142653),(3401,142653),(4401,142653),(8901,142653),(3701,142656),(7901,142656),(1101,142658),(3701,142659),(503,142660),(701,142661),(1101,142661),(2901,142661),(3401,142661),(3701,142661),(8001,142661),(8801,142661),(5201,142662),(8901,142662),(701,142664),(1101,142664),(3401,142664),(3701,142664),(8801,142664),(701,142665),(1101,142665),(3401,142665),(3701,142665),(3801,142665),(8801,142665),(1101,142666),(2901,142667),(8801,142668),(503,142669),(2901,142670),(701,142673),(1101,142673),(3701,142673),(4401,142673),(8001,142673),(8801,142673),(8901,142673),(3602,142675),(8901,142675),(3602,142676),(701,142677),(801,142677),(1101,142677),(3401,142677),(3701,142677),(7901,142685),(7901,142686),(2402,142687),(8901,142687),(8901,142689),(401,142691),(4301,142691),(4401,142691),(1101,142692),(7901,142692),(8801,142692),(2402,142693),(8901,142693),(6303,142698),(2402,142705),(8901,142705),(1101,142708),(3401,142710),(4701,142710),(6601,142710),(8001,142710),(8901,142710),(3401,142711),(8001,142711),(1101,142712),(2402,142712),(8001,142712),(1101,142713),(2901,142713),(3701,142713),(3602,142714),(3401,142715),(3402,142715),(701,142716),(8801,142716),(501,142717),(8001,142717),(1101,142718),(2901,142718),(3701,142718),(1101,142719),(2901,142719),(8801,142719),(503,142720),(2402,142721),(3401,142721),(8001,142721),(8801,142721),(2901,142722),(8001,142723),(1101,142724),(3701,142724),(8801,142724),(3401,142725),(701,142726),(1101,142726),(3401,142726),(3801,142726),(8001,142726),(8801,142726),(1101,142727),(3801,142727),(3602,142728),(8901,142728),(1101,142731),(3701,142731),(8801,142731),(503,142732),(701,142733),(1101,142733),(2402,142733),(2701,142733),(2901,142733),(3401,142733),(3701,142733),(8801,142733),(1101,142735),(1101,142737),(2402,142737),(3401,142737),(8001,142737),(8201,142737),(8801,142737),(1101,142739),(2901,142739),(3701,142739),(2402,142740),(3401,142740),(3402,142740),(4401,142740),(4701,142740),(8001,142740),(8901,142740),(1101,142741),(1101,142742),(3701,142742),(401,142743),(2402,142743),(3401,142743),(3405,142743),(3801,142743),(4401,142743),(4701,142743),(8001,142743),(2901,142745),(3701,142745),(501,142746),(3401,142746),(8001,142746),(8801,142746),(502,142748),(701,142748),(1401,142748),(2402,142748),(3401,142748),(3402,142748),(3801,142748),(4401,142748),(4701,142748),(6601,142748),(8001,142748),(8801,142748),(8901,142748),(502,142750),(3401,142750),(8001,142750),(1101,142751),(3701,142751),(6303,142751),(8001,142752),(2401,142753),(3401,142753),(2402,142754),(3801,142754),(4701,142754),(1101,142755),(3701,142756),(7701,219901),(8901,219901),(3602,219914),(1101,274719),(2901,274719),(3501,279432),(3401,279433),(3501,279446),(8001,279447),(8901,279503),(5206,279506),(701,279513),(1101,279513),(2901,279513),(3404,279513),(3701,279513),(2402,279565),(3404,279565),(4401,279565),(8907,279589),(2402,279590),(3602,279707),(3501,279710),(8901,279711),(8901,279715),(2402,279716),(8901,279717),(3602,279718),(8901,279718),(8901,279766),(3602,279833),(2402,279960),(8901,280056),(8901,280058),(7203,280060),(8901,280076),(8901,280077),(8901,280079),(8901,280080),(3501,280180),(3602,280251),(3603,280251),(2402,280427),(3402,280427),(2402,280432),(3401,280432),(401,280441),(4301,280441),(4401,280441),(8901,280707),(3602,281285),(4301,281294),(4401,281294),(8901,281294),(4802,281301),(2402,281340),(3602,281342),(3602,281343),(2901,281353),(3701,281353),(601,281358),(1702,281358),(8501,281358),(2401,281451),(401,281510),(3401,281510),(4401,281510),(701,281512),(1101,281512),(2701,281512),(3404,281512),(503,281513),(3404,281515),(3602,281515),(2402,281517),(3402,281517),(8901,281517),(3602,281519),(2402,281611),(2402,282190),(3402,282190),(4401,282190),(7701,282190),(2402,292247),(2402,298733),(8901,298737),(3402,302114),(3401,302115),(2701,302116),(4701,302117),(7701,302118),(3801,302120),(2901,302121),(5202,302122),(5204,302122),(5201,302123),(5205,302123),(7901,302974),(2202,304202),(6303,304202),(6306,304202),(2202,306153),(6303,306153),(6306,306153),(701,317714),(1101,317714),(2901,317714),(3701,317714),(7901,317714),(8801,317714),(701,317719),(2901,317719),(6304,317719),(8901,328315),(3501,335506),(3602,335506),(8901,335506),(2402,335524),(3404,335524),(701,335892),(2901,335892),(8801,335892),(8907,336316),(2402,336317),(4401,336317),(8201,336529),(8901,336555),(8901,336556),(8901,336586),(8901,336587),(6001,336609),(3404,336622),(3602,336645),(8901,336645),(2402,336990),(8901,336990),(2402,338459),(3602,338477),(8901,338477),(8001,338478),(4301,338479),(7901,338480),(3602,338481),(2402,338482),(2701,338482),(6603,338482),(7801,338482),(8001,338482),(8901,338482),(2402,339369),(8901,339369),(3602,339371),(8901,339371),(2701,339376),(3401,339376),(4501,339376),(7901,339377),(8801,339379),(4301,339381),(4401,339381),(8901,339381),(2402,339382),(8901,339382),(7901,339383),(3602,340555),(8901,340555),(8901,340618),(3404,340630),(4301,340630),(4701,340754),(5101,340754),(8901,340754),(1101,340803),(3602,340955),(3602,340956),(3602,340958),(8901,340958),(3602,341054),(8901,341054),(1101,341449),(2901,341449),(3602,341467),(8901,341467),(8901,341468),(1401,341469),(3601,341469),(8901,341469),(2402,341470),(8901,341470),(2402,341471),(8901,341471),(2402,341487),(2402,341488),(701,342048),(1101,342048),(3701,342048),(4401,342048),(701,342069),(1101,342069),(2901,342069),(3701,342069),(8801,342069),(4301,342070),(8901,342070),(8901,342071),(1101,342301),(2901,342308),(701,342313),(1101,342313),(2901,342313),(3701,342313),(7901,342313),(9401,342313),(2402,342315),(8901,342315),(3602,342615),(5206,342616),(5208,342616),(2402,342618),(8901,342618),(2402,342621),(2402,342622),(8901,342625),(8901,342626),(2206,342627),(8901,342627),(8901,342628),(3602,342637),(8901,342637),(2206,342640),(3602,342640),(8901,342640),(2402,342647),(3402,342647),(8901,342647),(3601,342653),(8901,342653),(8901,342660),(2206,342669),(3602,342684),(8901,342684),(3602,342685),(8901,342685),(2402,342697),(3402,342697),(4301,342697),(5101,342697),(8901,342697),(3602,342698),(3602,342713),(8901,342713),(2402,342714),(8901,342714),(3601,342715),(8901,342715),(2206,342757),(2402,342758),(3402,342758),(8901,342758),(701,342941),(1101,342941),(3701,342941),(3602,343261),(8901,343261),(1401,343393),(3101,343393),(4301,343393),(4501,343393),(4701,343393),(2206,343667),(8901,343667),(2206,343668),(8901,343668),(5201,343676),(5206,343676),(4802,343677),(701,343678),(1101,343678),(2901,343678),(3701,343678),(8801,343678),(3602,343696),(8901,343696),(3602,343729),(8901,343729),(2402,343761),(5206,343762),(7901,344164),(2901,344166),(2402,344167),(3501,344167),(8901,344167),(7501,344169),(3602,345089),(3602,345215),(8901,345215),(3402,345999),(8901,345999),(1401,348035),(4501,348035),(5101,348035),(6601,348035),(2402,348278),(3402,348278),(5101,348278),(8901,348278),(8901,348284),(1101,348457),(2901,348457),(3701,348457),(3408,348984),(4301,348984),(7701,348984),(8901,349094),(2402,349097),(8901,349098),(8901,349099),(3602,349105),(8901,349105),(1401,349107),(6601,349107),(8901,349108),(3602,349111),(2402,349113),(3402,349113),(8901,349113),(8901,349116),(3602,349117),(3602,349118),(8901,349118),(3602,349253),(8901,349253),(8901,349255),(3501,349542),(7801,349542),(8901,349542),(3602,349543),(8901,349543),(3602,349544),(8901,349544),(5206,349545),(5208,349545),(8901,350083),(2402,350118),(8901,350118),(2401,350382),(2401,350385),(3601,350403),(3602,350403),(8901,350403),(2402,350406),(8901,350406),(8901,350409),(2402,351228),(2402,351229),(4802,351448),(701,351449),(1101,351449),(3701,351449),(1101,351455),(4301,351516),(2402,351823),(3404,351823),(8901,351823),(2901,351824),(1101,351825),(2402,351827),(8901,354932),(8901,354933),(8901,354934),(8901,354935),(3602,354936),(8901,354936),(3602,354938),(8901,354942),(8901,354944),(3602,354945),(8901,354945),(8901,354946),(3602,354947),(8901,354947),(3602,354949),(2401,354950),(2402,354950),(3501,354950),(8901,354950),(2401,354951),(2402,354951),(3501,354951),(8901,354951),(2401,354952),(2402,354952),(3501,354952),(8901,354952),(3602,354953),(2402,354954),(3402,354954),(8901,354954),(8901,354955),(8901,354959),(3602,354960),(8901,354960),(3602,354961),(3501,355948),(8901,355948),(3602,355949),(3602,355950),(8901,355951),(8901,355952),(701,356227),(3602,356552),(8901,356553),(3602,356555),(8901,356555),(3602,356556),(8901,356556),(2402,358859),(8901,358859),(2402,358862),(3404,358862),(3602,358863),(3602,358869),(3602,358870),(3602,358871),(2402,358877),(3404,358877),(8901,358877),(3602,361396),(2402,361397),(3404,361397),(8901,361397),(2402,361398),(8901,361398),(2402,361399),(8901,361399),(3402,362083),(4401,362083),(3602,362084),(2402,362088),(3404,362088),(3602,362089),(2402,362091),(3404,362091),(1401,362092),(1201,362094),(4802,362095),(3602,362097),(3602,362099),(1301,362100),(2206,362117),(3602,362117),(2206,362118),(3602,362118),(3602,362120),(8901,362120),(3602,362121),(8901,362121),(3602,362123),(2402,362124),(3404,362124),(8901,362124),(6001,362127),(3602,362130),(2402,362131),(3404,362131),(8901,362131),(2402,362133),(3404,362133),(8901,362133),(2402,362134),(3404,362134),(8901,362134),(2402,362135),(3404,362135),(8901,362135),(2402,362136),(3404,362136),(8901,362136),(2402,362137),(3404,362137),(3602,362138),(8901,362138),(3602,362139),(1301,362142),(1201,362143),(3602,362145),(8901,362145),(3602,362146),(6001,362147),(6001,362148),(6001,362149),(6001,362150),(1101,362151),(2901,362151),(3701,362151),(2206,362160),(1101,362163),(2901,362163),(3701,362163),(6001,362164),(3602,362167),(3602,362168),(1101,362170),(2901,362170),(3701,362170),(3602,362171),(3602,362172),(3602,362173),(2402,362174),(3404,362174),(8901,362174),(3602,362175),(2402,362178),(3404,362178),(8901,362178),(7901,362179),(2402,362180),(3404,362180),(8901,362180),(3602,362182),(8901,362183),(8901,362184),(2402,362185),(3402,362185),(8901,362185),(3602,362186),(3602,362187),(2402,362190),(3404,362190),(8901,362190),(3602,362191),(3602,362192),(8901,362192),(5206,362193),(5208,362193),(2402,362195),(3402,362195),(8901,362195),(3602,362196),(1301,362197),(1201,362198),(8901,362202),(3602,362203),(2402,362204),(3404,362204),(3602,362204),(8901,362204),(2402,362205),(3402,362205),(8901,362205),(3602,362206),(3602,362207),(8901,362207),(2402,362208),(3402,362208),(8901,362208),(3602,362210),(8901,362212),(5401,362213),(2402,362214),(3404,362214),(8901,362214),(3602,362215),(3602,362216),(3602,362217),(3602,362218),(8901,362218),(3602,362219),(8901,362220),(8901,362654),(3602,362655),(3602,362657),(1401,362658),(2402,362659),(3402,362659),(8901,362659),(2402,362661),(3404,362661),(8901,362661),(2402,362662),(3404,362662),(8901,362662),(2402,362663),(2402,362665),(4501,362666),(8901,362666),(701,362667),(1101,362667),(3404,362667),(8801,362667),(8901,362667),(2402,362668),(3404,362668),(7801,362668),(8901,362668),(1101,362669),(2901,362669),(3701,362669),(2402,362672),(3404,362672),(8901,362672),(2402,362674),(3402,362674),(8901,362674),(3602,362675),(8901,362675),(2402,362676),(3404,362676),(8901,362676),(1101,362677),(1101,362678),(1101,362679),(1101,362682),(2901,362682),(3701,362682),(7901,362683),(3402,362685),(7501,362686),(8901,362689),(3402,362693),(3602,362694),(8901,362694),(3404,362695),(8901,362695),(3404,362696),(8901,362696),(7901,362697),(6001,362698),(3402,362700),(4301,362700),(4401,362700),(8901,362700),(3602,362712),(8901,362712),(2402,362720),(3402,362720),(8901,362720),(3602,362721),(7901,362728),(1101,362729),(503,362730),(7901,362731);
/*!40000 ALTER TABLE `facility_practice_association` ENABLE KEYS */;
UNLOCK TABLES;

--
-- Table structure for table `facility_type`
--

DROP TABLE IF EXISTS `facility_type`;
/*!40101 SET @saved_cs_client     = @@character_set_client */;
/*!40101 SET character_set_client = utf8 */;
CREATE TABLE `facility_type` (
  `id` int(11) NOT NULL AUTO_INCREMENT,
  `type` text NOT NULL,
  PRIMARY KEY (`id`)
) ENGINE=InnoDB AUTO_INCREMENT=3109 DEFAULT CHARSET=utf8;
/*!40101 SET character_set_client = @saved_cs_client */;

--
-- Dumping data for table `facility_type`
--

LOCK TABLES `facility_type` WRITE;
/*!40000 ALTER TABLE `facility_type` DISABLE KEYS */;
INSERT INTO `facility_type` VALUES (101,'Bassin mixte de natation'),(102,'Bassin sportif de natation'),(103,'Bassin ludique de natation'),(104,'Fosse à plongeon'),(201,'Terrain de boules'),(202,'Terrain de pétanque'),(301,'Bowling'),(501,'Court de tennis'),(607,'Vélodrome'),(801,'Salle de cours collectifs'),(802,'Salle de musculation'),(901,'Carrière'),(902,'Carrière de dressage'),(903,'Manège'),(908,'Terrain de polo'),(1001,'Stade d’athlétisme'),(1002,'Aire de lancer'),(1003,'Aire de saut'),(1004,'Piste d\'athlétisme isolée'),(1101,'Mur ou fronton mixte'),(1102,'Mur à gauche'),(1104,'Trinquet'),(1105,'Mur de tennis'),(1204,'Parcours 9 trous'),(1205,'Practice'),(1301,'Parcours sportif'),(1401,'Pas de tir à l\'arc'),(1402,'Pas de tir à la cible'),(1501,'Aire de sports de glace sportive'),(1701,'Plateau EPS'),(1801,'Dojo'),(1802,'Salle de boxe'),(1901,'Salle multisports'),(2101,'Salle de basket'),(2103,'Salle de billard'),(2104,'Salle de culturisme'),(2105,'Salle de danse'),(2106,'Salle de gymnastique sportive'),(2108,'Salle de lutte'),(2111,'Salle de tennis de table'),(2113,'Salle de volley ball'),(2115,'Salle d\'escrime'),(2116,'Salle d\'haltérophilie'),(2117,'Salle ou terrain de squash'),(2119,'Salle ou terrain de badminton'),(2201,'Salles polyvalentes'),(2401,'Site d\'activités aquatiques et nautiques'),(2601,'Anneau de Roller'),(2603,'Skate park'),(2701,'Structure Artificielle d\'Escalade'),(2801,'Terrain mixte'),(2802,'Terrain de football'),(2803,'Terrain de rugby'),(2806,'Terrain de baseball'),(2808,'Terrain de cricket'),(2809,'Terrain de hockey sur gazon'),(2901,'Terrain de basket-ball'),(2902,'Terrain de beach-volley'),(2903,'Terrain de handball'),(2904,'Terrain de volley-ball'),(3106,'Salle de spectacle'),(3108,'Simulateur de chute libre');
/*!40000 ALTER TABLE `facility_type` ENABLE KEYS */;
UNLOCK TABLES;

--
-- Table structure for table `facility_type_association`
--

DROP TABLE IF EXISTS `facility_type_association`;
/*!40101 SET @saved_cs_client     = @@character_set_client */;
/*!40101 SET character_set_client = utf8 */;
CREATE TABLE `facility_type_association` (
  `id_facility_type` int(11) NOT NULL,
  `id_sports_facility` int(11) NOT NULL,
  PRIMARY KEY (`id_facility_type`,`id_sports_facility`),
  KEY `facility_type_association_sports_facility0_FK` (`id_sports_facility`),
  CONSTRAINT `facility_type_association_facility_type_FK` FOREIGN KEY (`id_facility_type`) REFERENCES `facility_type` (`id`),
  CONSTRAINT `facility_type_association_sports_facility0_FK` FOREIGN KEY (`id_sports_facility`) REFERENCES `sports_facility` (`id`)
) ENGINE=InnoDB DEFAULT CHARSET=utf8;
/*!40101 SET character_set_client = @saved_cs_client */;

--
-- Dumping data for table `facility_type_association`
--

LOCK TABLES `facility_type_association` WRITE;
/*!40000 ALTER TABLE `facility_type_association` DISABLE KEYS */;
INSERT INTO `facility_type_association` VALUES (801,139998),(801,139999),(1801,140001),(2105,140003),(2105,140004),(2105,140005),(2105,140006),(1801,140008),(2201,140009),(102,140010),(103,140011),(801,140013),(801,140017),(2105,140019),(2105,140020),(102,140021),(1901,140022),(1901,140026),(1901,140027),(2111,140028),(802,140030),(1901,140035),(2105,140036),(2105,140039),(1901,140040),(1901,140041),(2701,140042),(102,140043),(801,140045),(802,140047),(103,140049),(802,140050),(1901,140053),(1901,140058),(1901,140060),(1901,140061),(1901,140062),(1901,140065),(2105,140066),(2201,140067),(2901,140068),(1004,140069),(1003,140070),(1701,140071),(102,140073),(1901,140074),(2105,140075),(2105,140076),(2105,140077),(2105,140079),(2105,140080),(2105,140081),(2105,140084),(2105,140086),(2105,140087),(2201,140090),(2201,140091),(2106,140092),(1901,140093),(2201,140094),(102,140102),(1801,140106),(2105,140108),(202,140109),(1901,140110),(103,140112),(1401,140116),(2201,140117),(1901,140118),(1901,140119),(301,140122),(802,140124),(2117,140127),(801,140128),(1901,140129),(1901,140130),(2105,140131),(802,140132),(1901,140133),(1004,140139),(1901,140141),(1901,140142),(2106,140143),(2111,140144),(802,140145),(2115,140153),(2701,140157),(102,140158),(2105,140159),(2105,140160),(1901,140171),(802,140172),(802,140177),(2201,140178),(2201,140180),(801,140181),(801,140183),(802,140184),(2117,140186),(501,140187),(501,140188),(1801,140193),(1901,140194),(2701,140195),(102,140196),(1901,140197),(2105,140198),(2105,140200),(1901,140201),(1901,140203),(2105,140205),(1701,140206),(1901,140207),(2105,140208),(2904,140209),(2111,140210),(1901,140211),(802,140212),(1701,140213),(1901,140215),(2701,140216),(1901,140217),(501,140220),(1901,140221),(1901,140222),(2105,140226),(102,140227),(2115,140229),(1901,140230),(1901,140232),(1901,140233),(1901,140234),(1701,140235),(2115,140236),(802,140240),(1801,140241),(501,140242),(102,140244),(102,140245),(2115,140246),(801,140247),(1901,140253),(103,140254),(1901,140255),(801,140256),(2106,140257),(2201,140260),(1901,140261),(2105,140262),(2105,140263),(2105,140264),(2105,140266),(802,140267),(1801,140269),(802,140271),(801,140272),(1901,140274),(2901,140277),(1701,140281),(1901,140282),(1901,140283),(2106,140285),(2901,140286),(1003,140287),(2105,140288),(1004,140289),(1901,140290),(2105,140293),(802,140295),(802,140296),(802,140297),(2105,140298),(2201,140299),(802,140301),(1801,140302),(2105,140303),(2117,140304),(102,140305),(802,140307),(802,140309),(2105,140310),(802,140311),(103,140313),(102,140315),(2103,140316),(2115,140319),(1901,140320),(802,140321),(802,140322),(2117,140323),(1205,140324),(1901,140328),(2111,140329),(2106,140330),(1901,140331),(1801,140332),(2105,140333),(2901,140334),(2904,140335),(2903,140336),(1901,140339),(2904,140340),(802,140344),(2105,140346),(2105,140347),(802,140350),(802,140351),(2115,140352),(2115,140353),(1802,140354),(2201,140355),(102,140356),(1901,140357),(801,140359),(2701,140362),(1701,140364),(2105,140365),(802,140366),(1801,140367),(2103,140369),(1901,140374),(2105,140376),(2105,140378),(2106,140380),(2105,140382),(2201,140383),(2105,140384),(802,140387),(801,140389),(1901,140394),(1901,140395),(802,140396),(1701,140397),(2105,140398),(2105,140400),(2105,140402),(1901,140404),(2904,140406),(2901,140410),(2904,140411),(2201,140412),(801,140418),(801,140422),(103,140423),(802,140424),(2105,140425),(1901,140426),(102,140427),(102,140428),(1901,140429),(2904,140431),(102,140435),(1801,140437),(1901,140438),(1701,140439),(102,140441),(1701,140443),(1801,140444),(802,140446),(801,140447),(801,140448),(2105,140451),(2105,140452),(801,140453),(2105,140458),(2105,140461),(2105,140464),(2105,140465),(2105,140466),(1801,140468),(2105,140469),(2105,140470),(2105,140471),(1701,140474),(1801,140480),(1402,140482),(802,140484),(501,140488),(1901,140489),(1701,140490),(1701,140491),(1701,140493),(1701,140495),(1901,140496),(1003,140497),(102,140500),(2105,140514),(2105,140515),(2105,140516),(2105,140518),(2105,140519),(2105,140522),(1801,140523),(802,140524),(802,140525),(1802,140526),(2105,140528),(802,140532),(802,140533),(1801,140542),(2105,140543),(2201,140544),(2111,140545),(1701,140546),(1701,140547),(1701,140548),(2603,140549),(1901,140550),(1901,140551),(1801,140552),(103,140553),(102,140554),(1901,140555),(1802,140556),(202,140557),(2903,140559),(1004,140562),(1003,140563),(202,140565),(202,140566),(1003,140567),(1701,140568),(801,140569),(1901,140574),(802,140575),(1901,140576),(3106,140578),(2113,140579),(1701,140581),(1801,140582),(801,140583),(2201,140584),(202,140587),(202,140595),(1701,140599),(1901,140602),(1901,140603),(1701,140604),(2201,140605),(1901,140607),(1901,140608),(802,140609),(2111,140610),(2904,140611),(2901,140612),(1701,140613),(102,140614),(1901,140617),(801,140619),(801,140620),(1801,140621),(801,140622),(102,140623),(2105,140624),(802,140626),(802,140627),(801,140628),(501,140629),(1701,140630),(2105,140631),(1901,140633),(1901,140634),(2802,140635),(1701,140636),(1001,140637),(2904,140638),(1105,140648),(1901,140649),(1801,140650),(2106,140651),(2802,140653),(2903,140654),(1001,140655),(2904,140656),(202,140657),(501,140658),(1004,140659),(1003,140660),(1002,140661),(1901,140662),(501,140663),(1801,140664),(1901,140667),(2105,140669),(801,140673),(2105,140674),(2105,140675),(1901,140682),(1501,140683),(2105,140684),(802,140685),(802,140687),(801,140688),(802,140689),(2105,140690),(802,140691),(2103,140692),(1801,140693),(1701,140698),(607,140701),(2803,140702),(2903,140703),(1901,140705),(1901,140706),(1004,140708),(1701,140709),(1003,140710),(1701,140713),(1004,140715),(1901,140727),(1003,140729),(2802,140730),(2803,140732),(2808,140733),(1004,140734),(2903,140738),(102,140741),(1901,140742),(2201,140743),(2901,140744),(2903,140745),(1701,140746),(1003,140747),(903,140749),(902,140750),(901,140751),(2802,140767),(2802,140768),(1001,140769),(802,140770),(2802,140771),(501,140773),(501,140774),(102,140779),(2104,140780),(102,140781),(1801,140782),(2104,140783),(2115,140784),(202,140785),(202,140786),(1901,140787),(2116,140797),(2116,140798),(2119,140802),(2101,140803),(1901,140804),(1402,140805),(1001,140815),(607,140820),(802,140821),(1001,140826),(1002,140827),(1402,140832),(2901,140844),(2105,140857),(2104,140858),(2105,140859),(801,140860),(2105,140861),(2105,140864),(2201,140865),(1901,140866),(2904,140867),(2901,140868),(1901,140870),(1901,140871),(1701,140872),(2904,140873),(2901,140874),(1004,140876),(1901,140877),(2106,140878),(1901,140880),(2201,140881),(1004,140882),(2201,140883),(2113,140892),(802,140897),(802,140898),(802,140900),(801,140901),(1402,140903),(1402,140904),(801,140905),(802,140906),(801,140907),(501,140910),(501,140911),(501,140913),(1105,140914),(1801,140917),(2117,140920),(802,140921),(1001,140923),(1001,140924),(2801,140925),(2201,140927),(1701,140928),(501,140929),(501,140931),(501,140934),(1901,140936),(1901,140937),(1901,140939),(2802,140941),(1205,140945),(2803,140946),(501,140947),(102,140951),(501,140952),(1901,140953),(102,140954),(1105,140955),(501,140956),(501,140957),(1101,140959),(2901,140960),(2105,140964),(2119,140965),(2701,140970),(1901,140971),(2111,140977),(102,140985),(802,140987),(1901,140988),(2115,140990),(2701,140993),(2901,140995),(1701,140999),(2105,141000),(2201,141003),(2201,141004),(1701,141006),(1901,141009),(1701,141011),(1901,141013),(1901,141014),(1802,141015),(2201,141016),(1901,141017),(1901,141018),(1004,141021),(1701,141025),(1901,141028),(802,141030),(2105,141031),(2603,141034),(1901,141035),(501,141037),(801,141039),(1801,141040),(1801,141066),(1801,141067),(1801,141068),(1701,141069),(1901,141074),(802,141075),(2901,141083),(1004,141084),(802,141087),(2111,141089),(1701,141090),(1701,141096),(1901,141099),(2901,141102),(1004,141103),(1901,141107),(1901,141109),(1901,141110),(1901,141112),(1901,141114),(1901,141115),(1901,141117),(2901,141118),(1901,141119),(1701,141120),(1901,141123),(1801,141131),(801,141133),(2105,141134),(2105,141136),(2105,141137),(802,141138),(801,141139),(802,141140),(801,141141),(802,141142),(802,141143),(2111,141144),(1001,141146),(2904,141148),(2803,141149),(2901,141150),(2802,141157),(501,141158),(501,141162),(2105,141163),(1801,141164),(2115,141165),(202,141166),(2802,141168),(501,141169),(802,141171),(1801,141172),(1801,141174),(1801,141175),(2105,141177),(2201,141178),(1801,141180),(802,141181),(501,141182),(1901,141185),(102,141186),(1901,141187),(102,141192),(1003,141194),(2802,141195),(1901,141197),(1701,141198),(1001,141200),(501,141203),(501,141205),(501,141206),(1105,141207),(103,141208),(1901,141209),(2201,141217),(1801,141218),(1801,141221),(2106,141222),(2106,141223),(2802,141224),(1701,141226),(2603,141228),(1001,141229),(1901,141230),(1802,141231),(2106,141233),(1901,141234),(1701,141236),(1901,141238),(2105,141240),(802,141242),(501,141246),(2603,141248),(1701,141249),(2105,141251),(801,141254),(202,141255),(102,141256),(2105,141261),(802,141262),(801,141263),(1801,141264),(1801,141265),(802,141266),(1801,141267),(2105,141268),(2105,141270),(501,141272),(2201,141274),(2701,141275),(102,141276),(801,141278),(801,141279),(802,141280),(2105,141281),(801,141282),(1801,141284),(2105,141285),(1801,141286),(1901,141287),(2105,141288),(1801,141290),(2105,141291),(1901,141292),(1701,141653),(1701,141655),(2701,141658),(2105,141659),(2106,141660),(2201,141661),(2901,141666),(802,141668),(801,141669),(1901,141674),(2901,141675),(1901,141676),(1004,141677),(1901,141678),(1701,141679),(1701,141680),(1901,141682),(2904,141683),(2904,141684),(103,141691),(802,141692),(2105,141694),(802,141696),(2105,141697),(501,141699),(1105,141701),(501,141703),(501,141704),(501,141705),(801,141707),(802,141708),(802,141709),(1801,141710),(2117,141711),(301,141715),(1801,141717),(2105,141719),(801,141720),(802,141724),(801,141725),(2105,141726),(1701,141727),(1001,141729),(1801,141730),(2105,141731),(102,141732),(102,141733),(102,141734),(2115,141735),(501,141740),(102,141741),(202,141743),(1901,141745),(2802,141747),(2105,141752),(2105,141753),(1801,141754),(2105,141755),(1801,141756),(2105,141757),(501,141758),(103,141759),(1701,141761),(1801,141762),(801,141765),(1801,141766),(2105,141767),(1104,141769),(1901,141770),(1701,141772),(102,141773),(2105,141775),(1801,141776),(1901,141777),(2701,141778),(1002,141781),(1901,141782),(102,141785),(103,141786),(2901,141787),(1701,141789),(103,141794),(1901,141795),(1901,141796),(1801,141797),(1802,141798),(2111,141799),(1105,141800),(501,141801),(102,141802),(2802,141803),(1001,141804),(2904,141805),(1901,141806),(501,141807),(2105,141809),(2901,141810),(2802,141812),(2803,141813),(2803,141814),(1701,141815),(1105,141818),(501,141819),(501,141822),(1004,141830),(801,141836),(1901,141837),(1205,141839),(1205,141840),(1901,141844),(1402,141845),(2201,141847),(2104,141848),(1701,141849),(2701,141850),(1901,141851),(2119,141861),(2903,141862),(1801,141863),(1901,141864),(2903,141869),(1901,141870),(1701,141871),(2201,141872),(1701,141873),(1701,141874),(1901,141879),(1901,141882),(802,141883),(1901,141885),(1901,141887),(2106,141889),(1801,141891),(1901,141894),(2904,141895),(1901,141901),(802,141902),(103,141903),(802,141904),(1901,141905),(1701,141906),(2105,141909),(103,141910),(801,141912),(2105,141913),(802,141914),(501,141915),(501,141916),(1901,141917),(501,141919),(801,141920),(802,141921),(103,141922),(801,141923),(2117,141924),(1402,141925),(102,141926),(103,141927),(501,141936),(1701,141937),(1701,141938),(1901,141941),(501,141943),(103,141945),(1701,141947),(1701,141950),(2901,141952),(1001,141957),(1301,141959),(202,141961),(1901,141962),(2106,141963),(2701,141964),(1801,141966),(1402,141967),(1901,141969),(1901,141970),(2901,141971),(2802,141972),(1701,141973),(2904,141974),(1001,141975),(801,141976),(802,141977),(1801,141978),(501,141985),(501,141986),(501,141987),(501,141988),(501,141989),(501,141990),(501,141992),(1105,141993),(501,141994),(501,141997),(501,141998),(501,141999),(501,142000),(501,142001),(1701,142006),(801,142007),(802,142008),(501,142011),(501,142013),(501,142015),(802,142016),(2201,142017),(1102,142020),(1101,142021),(1205,142038),(1204,142040),(903,142047),(1004,142069),(1003,142070),(1003,142071),(1801,142073),(501,142074),(1901,142076),(2115,142077),(801,142078),(2105,142079),(501,142080),(2803,142085),(1901,142088),(1901,142089),(501,142092),(501,142093),(501,142095),(103,142097),(2104,142100),(2105,142101),(2104,142102),(2802,142107),(2105,142108),(2904,142111),(1001,142112),(1105,142113),(802,142114),(802,142117),(501,142121),(501,142123),(102,142124),(102,142125),(802,142137),(2201,142142),(1801,142143),(2201,142144),(1701,142146),(2111,142149),(1801,142152),(1901,142153),(1901,142154),(2111,142155),(1002,142156),(2901,142158),(2903,142160),(1701,142163),(1901,142164),(1901,142165),(2701,142166),(1901,142167),(1701,142169),(1901,142172),(1901,142176),(2901,142178),(1901,142179),(2105,142180),(1701,142181),(1004,142182),(501,142184),(1901,142185),(1901,142186),(1901,142187),(1901,142188),(1901,142189),(1701,142190),(1801,142193),(801,142200),(801,142201),(802,142202),(802,142204),(802,142205),(802,142207),(801,142208),(2105,142209),(802,142213),(802,142214),(501,142220),(1802,142223),(2105,142224),(501,142225),(1105,142226),(501,142227),(1901,142228),(2903,142229),(801,142231),(801,142233),(1004,142236),(1002,142237),(1003,142238),(102,142239),(102,142240),(2106,142242),(1901,142243),(1901,142244),(1004,142247),(2106,142250),(2701,142251),(1004,142253),(1002,142254),(1003,142255),(1003,142256),(102,142257),(1901,142259),(1801,142260),(2106,142261),(2901,142262),(2802,142263),(2903,142264),(2803,142265),(1001,142267),(501,142270),(1001,142272),(2105,142274),(801,142279),(802,142280),(801,142281),(802,142282),(1801,142284),(802,142285),(1801,142286),(2105,142287),(501,142288),(1801,142289),(1801,142292),(103,142293),(802,142294),(103,142297),(1901,142298),(2105,142300),(2105,142301),(1701,142303),(2802,142304),(102,142307),(1901,142308),(2903,142309),(1105,142311),(1004,142313),(1003,142314),(2901,142316),(2904,142317),(2802,142319),(2106,142320),(1901,142321),(1901,142322),(802,142323),(1901,142325),(1901,142326),(1901,142327),(2901,142329),(1701,142334),(1901,142335),(1901,142336),(1901,142337),(1901,142338),(1901,142340),(2201,142341),(2903,142342),(801,142343),(2603,142345),(301,142348),(501,142350),(1901,142352),(1901,142353),(1801,142354),(1802,142355),(102,142356),(103,142357),(2901,142358),(2802,142359),(1701,142360),(2903,142361),(1001,142363),(501,142364),(1901,142366),(1901,142367),(2802,142369),(2802,142370),(2904,142372),(1001,142373),(501,142374),(1105,142375),(2903,142376),(2901,142377),(1001,142378),(802,142379),(802,142381),(801,142382),(1901,142383),(1901,142384),(102,142385),(202,142386),(2802,142388),(2901,142392),(1001,142395),(1701,142398),(1901,142401),(1802,142402),(2115,142403),(1802,142405),(2105,142406),(1004,142410),(1003,142411),(802,142415),(802,142416),(801,142417),(802,142418),(802,142419),(802,142422),(2105,142424),(2105,142426),(2117,142427),(2105,142434),(2105,142436),(1402,142439),(1801,142441),(1901,142442),(802,142443),(1801,142445),(1701,142447),(1701,142448),(801,142449),(802,142450),(2105,142453),(1901,142459),(1701,142463),(1901,142465),(2201,142466),(2201,142467),(1901,142468),(1901,142469),(2901,142478),(1701,142479),(2903,142480),(202,142488),(1001,142489),(1701,142491),(2802,142492),(2803,142493),(2802,142494),(1001,142495),(1901,142496),(1701,142497),(1801,142498),(802,142500),(2105,142502),(801,142503),(1701,142504),(102,142505),(501,142509),(1901,142511),(2106,142512),(1701,142514),(1004,142518),(2903,142519),(1901,142520),(1002,142522),(1004,142523),(1003,142524),(2903,142525),(2115,142526),(1801,142528),(1901,142529),(1901,142531),(1002,142532),(1701,142533),(1004,142534),(1801,142537),(1901,142539),(1801,142541),(1901,142543),(102,142544),(102,142545),(2701,142546),(1004,142549),(1901,142553),(2903,142554),(1801,142556),(1801,142558),(802,142559),(2106,142561),(802,142562),(2105,142565),(801,142569),(801,142570),(2105,142571),(903,142573),(104,142575),(102,142576),(802,142577),(802,142578),(802,142579),(801,142582),(801,142583),(2701,142584),(1701,142585),(1701,142586),(1004,142587),(1701,142588),(2201,142589),(1901,142590),(1901,142591),(1901,142592),(1901,142593),(1901,142594),(2111,142596),(1701,142597),(1901,142598),(2802,142603),(1901,142606),(2111,142608),(1701,142609),(2904,142610),(2201,142611),(1701,142612),(1701,142614),(1701,142615),(1901,142616),(802,142617),(2104,142618),(802,142619),(801,142620),(1701,142623),(2601,142624),(1701,142625),(501,142626),(501,142627),(2802,142628),(501,142631),(501,142632),(2105,142633),(1801,142634),(1901,142636),(2106,142637),(2801,142638),(2802,142639),(1001,142640),(501,142641),(202,142642),(2802,142643),(2802,142644),(2903,142645),(1701,142646),(1701,142647),(1004,142648),(1003,142649),(1901,142652),(2106,142653),(1701,142656),(2901,142658),(2903,142659),(1001,142660),(1901,142661),(102,142662),(1901,142664),(1901,142665),(2901,142666),(2802,142667),(2904,142668),(1001,142669),(2802,142670),(1901,142673),(802,142675),(2111,142676),(1901,142677),(501,142685),(501,142686),(801,142687),(2106,142689),(1801,142691),(1901,142692),(2105,142693),(2603,142698),(801,142705),(2901,142708),(1901,142710),(1901,142711),(1901,142712),(1701,142713),(802,142714),(2106,142715),(1901,142716),(1901,142717),(1701,142718),(1701,142719),(1004,142720),(1901,142721),(1701,142722),(2111,142723),(1701,142724),(1901,142725),(1901,142726),(1701,142727),(802,142728),(1701,142731),(1004,142732),(1901,142733),(2901,142735),(1901,142737),(1701,142739),(1901,142740),(2901,142741),(1701,142742),(1901,142743),(1701,142745),(1901,142746),(1901,142748),(2201,142750),(1701,142751),(2111,142752),(801,142753),(2108,142754),(2901,142755),(2903,142756),(801,219901),(802,219914),(1901,274719),(801,279432),(2201,279433),(801,279446),(2111,279447),(802,279503),(101,279506),(1901,279513),(2105,279565),(2701,279589),(2105,279590),(802,279707),(801,279710),(802,279711),(802,279715),(2105,279716),(2201,279717),(802,279718),(801,279766),(802,279833),(2201,279960),(801,280056),(801,280058),(201,280060),(802,280076),(802,280077),(802,280079),(802,280080),(2106,280180),(802,280251),(1901,280427),(1901,280432),(2201,280441),(1901,280707),(802,281285),(1801,281294),(2701,281301),(2105,281340),(801,281342),(802,281343),(1701,281353),(2401,281358),(2105,281451),(2201,281510),(1901,281512),(1004,281513),(802,281515),(801,281517),(802,281519),(2105,281611),(801,282190),(2105,292247),(2105,298733),(802,298737),(2106,302114),(2105,302115),(2115,302116),(2108,302117),(1801,302118),(2809,302120),(2802,302121),(102,302122),(102,302123),(501,302974),(2603,304202),(2603,306153),(1901,317714),(1701,317719),(802,328315),(1901,335506),(2105,335524),(1701,335892),(2701,336316),(2105,336317),(1401,336529),(802,336555),(802,336556),(801,336586),(801,336587),(201,336609),(1901,336622),(2104,336645),(1901,336990),(2105,338459),(802,338477),(2111,338478),(1801,338479),(501,338480),(802,338481),(2201,338482),(2201,339369),(802,339371),(1801,339376),(501,339377),(2902,339379),(2201,339381),(2201,339382),(501,339383),(802,340555),(802,340618),(1801,340630),(1801,340754),(2901,340803),(802,340955),(802,340956),(802,340958),(802,341054),(1701,341449),(802,341467),(802,341468),(801,341469),(2105,341470),(2105,341471),(2105,341487),(2105,341488),(1901,342048),(1901,342069),(1801,342070),(2201,342071),(1701,342301),(1701,342308),(1901,342313),(2105,342315),(802,342615),(103,342616),(802,342618),(2105,342621),(2105,342622),(801,342625),(801,342626),(802,342627),(801,342628),(802,342637),(802,342640),(801,342647),(801,342653),(801,342660),(802,342669),(802,342684),(802,342685),(801,342697),(802,342698),(802,342713),(801,342714),(802,342715),(802,342757),(801,342758),(1901,342941),(802,343261),(1801,343393),(802,343667),(802,343668),(102,343676),(2701,343677),(1901,343678),(802,343696),(802,343729),(2201,343761),(103,343762),(501,344164),(1701,344166),(801,344167),(2117,344169),(802,345089),(802,345215),(801,345999),(1802,348035),(801,348278),(802,348284),(1901,348457),(1801,348984),(801,349094),(2105,349097),(801,349098),(801,349099),(802,349105),(1802,349107),(801,349108),(802,349111),(801,349113),(801,349116),(802,349117),(802,349118),(802,349253),(801,349255),(801,349542),(802,349543),(802,349544),(101,349545),(801,350083),(2105,350118),(2105,350382),(2105,350385),(802,350403),(801,350406),(1301,350409),(2105,351228),(2105,351229),(2701,351448),(1901,351449),(2901,351455),(1801,351516),(2201,351823),(1701,351824),(2901,351825),(2105,351827),(801,354932),(801,354933),(801,354934),(801,354935),(802,354936),(802,354938),(801,354942),(801,354944),(802,354945),(801,354946),(802,354947),(802,354949),(2105,354950),(2105,354951),(2105,354952),(802,354953),(801,354954),(802,354955),(801,354959),(802,354960),(802,354961),(801,355948),(802,355949),(802,355950),(802,355951),(802,355952),(1901,356227),(802,356552),(801,356553),(802,356555),(802,356556),(2105,358859),(2201,358862),(802,358863),(802,358869),(802,358870),(802,358871),(2201,358877),(802,361396),(2201,361397),(801,361398),(801,361399),(801,362083),(802,362084),(801,362088),(802,362089),(2105,362091),(1802,362092),(2103,362094),(2701,362095),(802,362097),(802,362099),(301,362100),(802,362117),(802,362118),(802,362120),(802,362121),(801,362123),(801,362124),(202,362127),(802,362130),(801,362131),(801,362133),(801,362134),(801,362135),(801,362136),(801,362137),(802,362138),(802,362139),(301,362142),(2103,362143),(802,362145),(802,362146),(202,362147),(202,362148),(202,362149),(202,362150),(1701,362151),(802,362160),(1701,362163),(202,362164),(802,362167),(802,362168),(1701,362170),(802,362171),(802,362172),(802,362173),(801,362174),(802,362175),(2105,362178),(501,362179),(801,362180),(802,362182),(802,362183),(802,362184),(801,362185),(802,362186),(802,362187),(801,362190),(802,362191),(801,362192),(103,362193),(801,362195),(802,362196),(301,362197),(2103,362198),(802,362202),(802,362203),(801,362204),(801,362205),(802,362206),(802,362207),(801,362208),(802,362210),(802,362212),(3108,362213),(801,362214),(802,362215),(802,362216),(802,362217),(802,362218),(802,362219),(802,362220),(801,362654),(802,362655),(802,362657),(1802,362658),(801,362659),(2105,362661),(2105,362662),(2105,362663),(2105,362665),(1801,362666),(1901,362667),(2105,362668),(1701,362669),(2105,362672),(2105,362674),(802,362675),(801,362676),(2901,362677),(2901,362678),(2901,362679),(1701,362682),(501,362683),(2106,362685),(2117,362686),(802,362689),(2106,362693),(802,362694),(801,362695),(801,362696),(501,362697),(202,362698),(2201,362700),(802,362712),(801,362720),(802,362721),(501,362728),(2901,362729),(1004,362730),(501,362731);
/*!40000 ALTER TABLE `facility_type_association` ENABLE KEYS */;
UNLOCK TABLES;

--
-- Table structure for table `olympic_event`
--

DROP TABLE IF EXISTS `olympic_event`;
/*!40101 SET @saved_cs_client     = @@character_set_client */;
/*!40101 SET character_set_client = utf8 */;
CREATE TABLE `olympic_event` (
  `id` int(11) NOT NULL AUTO_INCREMENT,
  `event_name` varchar(50) NOT NULL,
  `event_place` varchar(50) NOT NULL,
  `date` date NOT NULL,
  `id_sports_practice` int(11) NOT NULL,
  `id_arrondissement` int(11) DEFAULT NULL,
  PRIMARY KEY (`id`),
  KEY `olympic_event_sports_practice_FK` (`id_sports_practice`),
  KEY `olympic_event_arrondissement0_FK` (`id_arrondissement`),
  CONSTRAINT `olympic_event_arrondissement0_FK` FOREIGN KEY (`id_arrondissement`) REFERENCES `arrondissement` (`id`),
  CONSTRAINT `olympic_event_sports_practice_FK` FOREIGN KEY (`id_sports_practice`) REFERENCES `sports_practice` (`id`)
) ENGINE=InnoDB AUTO_INCREMENT=469 DEFAULT CHARSET=utf8;
/*!40101 SET character_set_client = @saved_cs_client */;

--
-- Dumping data for table `olympic_event`
--

LOCK TABLES `olympic_event` WRITE;
/*!40000 ALTER TABLE `olympic_event` DISABLE KEYS */;
INSERT INTO `olympic_event` VALUES (1,'Athlétisme','Stade de France','2024-07-31',9402,NULL),(2,'Athlétisme','Stade de France','2024-08-01',9402,NULL),(3,'Athlétisme','Stade de France','2024-08-02',9402,NULL),(4,'Athlétisme','Stade de France','2024-08-03',9402,NULL),(5,'Athlétisme','Stade de France','2024-08-04',9402,NULL),(6,'Athlétisme','Stade de France','2024-08-05',9402,NULL),(7,'Athlétisme','Stade de France','2024-08-06',9402,NULL),(8,'Athlétisme','Stade de France','2024-08-07',9402,NULL),(9,'Athlétisme','Stade de France','2024-08-08',9402,NULL),(10,'Beach volley','Champ-de-Mars','2024-07-26',8801,7),(11,'Beach volley','Champ-de-Mars','2024-07-27',8801,7),(12,'Beach volley','Champ-de-Mars','2024-07-28',8801,7),(13,'Beach volley','Champ-de-Mars','2024-07-29',8801,7),(14,'Beach volley','Champ-de-Mars','2024-07-30',8801,7),(15,'Beach volley','Champ-de-Mars','2024-07-31',8801,7),(16,'Beach volley','Champ-de-Mars','2024-08-01',8801,7),(17,'Beach volley','Champ-de-Mars','2024-08-02',8801,7),(18,'Beach volley','Champ-de-Mars','2024-08-03',8801,7),(19,'Beach volley','Champ-de-Mars','2024-08-04',8801,7),(20,'Beach volley','Champ-de-Mars','2024-08-05',8801,7),(21,'Beach volley','Champ-de-Mars','2024-08-06',8801,7),(22,'Beach volley','Champ-de-Mars','2024-08-07',8801,7),(23,'Beach volley','Champ-de-Mars','2024-08-08',8801,7),(24,'Beach volley','Champ-de-Mars','2024-08-09',8801,7),(25,'Cyclisme sur route','Champs-Elysées','2024-07-26',9403,8),(26,'Cyclisme sur route','Champs-Elysées','2024-07-27',9403,8),(27,'Cyclisme sur route','Champs-Elysées','2024-07-29',9403,8),(28,'Triathlon','Tour Eiffel','2024-07-27',9404,7),(29,'Triathlon','Tour Eiffel','2024-07-28',9404,7),(30,'Triathlon','Tour Eiffel','2024-08-01',9404,7),(31,'Marathon','Tour Eiffel','2024-08-08',505,7),(32,'Marathon','Tour Eiffel','2024-08-09',505,7),(33,'Natation marathon','Tour Eiffel','2024-08-05',5201,7),(34,'Natation marathon','Tour Eiffel','2024-08-06',5201,7),(35,'Escrime','Grand Palais','2024-07-26',2701,8),(36,'Escrime','Grand Palais','2024-07-27',2701,8),(37,'Escrime','Grand Palais','2024-07-28',2701,8),(38,'Escrime','Grand Palais','2024-07-29',2701,8),(39,'Escrime','Grand Palais','2024-07-30',2701,8),(40,'Escrime','Grand Palais','2024-07-31',2701,8),(41,'Escrime','Grand Palais','2024-08-01',2701,8),(42,'Escrime','Grand Palais','2024-08-02',2701,8),(43,'Escrime','Grand Palais','2024-08-03',2701,8),(44,'Escrime','Grand Palais','2024-08-04',2701,8),(45,'Escrime','Grand Palais','2024-08-05',2701,8),(46,'Escrime','Grand Palais','2024-08-06',2701,8),(47,'Escrime','Grand Palais','2024-08-07',2701,8),(48,'Escrime','Grand Palais','2024-08-08',2701,8),(49,'Escrime','Grand Palais','2024-08-09',2701,8),(50,'Taekwondo','Grand Palais','2024-07-26',7701,8),(51,'Taekwondo','Grand Palais','2024-07-27',7701,8),(52,'Taekwondo','Grand Palais','2024-07-28',7701,8),(53,'Taekwondo','Grand Palais','2024-07-29',7701,8),(54,'Tir à l\'arc','Esplanade des Invalides','2024-07-26',8201,7),(55,'Tir à l\'arc','Esplanade des Invalides','2024-07-27',8201,7),(56,'Tir à l\'arc','Esplanade des Invalides','2024-07-28',8201,7),(57,'Tir à l\'arc','Esplanade des Invalides','2024-07-30',8201,7),(58,'Tir à l\'arc','Esplanade des Invalides','2024-08-01',8201,7),(59,'Tir à l\'arc','Esplanade des Invalides','2024-08-02',8201,7),(60,'Football','Parc des Princes','2024-07-26',2901,16),(61,'Football','Parc des Princes','2024-07-29',2901,16),(62,'Football','Parc des Princes','2024-07-31',2901,16),(63,'Football','Parc des Princes','2024-08-01',2901,16),(64,'Football','Parc des Princes','2024-08-03',2901,16),(65,'Football','Parc des Princes','2024-08-04',2901,16),(66,'Football','Parc des Princes','2024-08-06',2901,16),(67,'Football','Parc des Princes','2024-08-07',2901,16),(68,'Football','Parc des Princes','2024-08-08',2901,16),(69,'Football','Parc des Princes','2024-08-09',2901,16),(70,'Football','Parc des Princes','2024-08-10',2901,16),(71,'Football','Parc des Princes','2024-08-11',2901,16),(72,'Handball','Parc des expositions de la Porte de Versailles','2024-07-26',3701,15),(73,'Handball','Parc des expositions de la Porte de Versailles','2024-07-27',3701,15),(74,'Handball','Parc des expositions de la Porte de Versailles','2024-07-28',3701,15),(75,'Handball','Parc des expositions de la Porte de Versailles','2024-07-29',3701,15),(76,'Handball','Parc des expositions de la Porte de Versailles','2024-07-30',3701,15),(77,'Handball','Parc des expositions de la Porte de Versailles','2024-07-31',3701,15),(78,'Handball','Parc des expositions de la Porte de Versailles','2024-08-01',3701,15),(79,'Handball','Parc des expositions de la Porte de Versailles','2024-08-02',3701,15),(80,'Handball','Parc des expositions de la Porte de Versailles','2024-08-03',3701,15),(81,'Handball','Parc des expositions de la Porte de Versailles','2024-08-04',3701,15),(82,'Handball','Parc des expositions de la Porte de Versailles','2024-08-05',3701,15),(83,'Handball','Parc des expositions de la Porte de Versailles','2024-08-06',3701,15),(84,'Handball','Parc des expositions de la Porte de Versailles','2024-08-07',3701,15),(85,'Handball','Parc des expositions de la Porte de Versailles','2024-08-08',3701,15),(86,'Handball','Parc des expositions de la Porte de Versailles','2024-08-09',3701,15),(87,'Handball','Parc des expositions de la Porte de Versailles','2024-08-10',3701,15),(88,'Tennis de table','Parc des expositions de la Porte de Versailles','2024-07-26',8001,15),(89,'Tennis de table','Parc des expositions de la Porte de Versailles','2024-07-27',8001,15),(90,'Tennis de table','Parc des expositions de la Porte de Versailles','2024-07-28',8001,15),(91,'Tennis de table','Parc des expositions de la Porte de Versailles','2024-07-29',8001,15),(92,'Tennis de table','Parc des expositions de la Porte de Versailles','2024-07-30',8001,15),(93,'Tennis de table','Parc des expositions de la Porte de Versailles','2024-07-31',8001,15),(94,'Tennis de table','Parc des expositions de la Porte de Versailles','2024-08-02',8001,15),(95,'Tennis de table','Parc des expositions de la Porte de Versailles','2024-08-03',8001,15),(96,'Tennis de table','Parc des expositions de la Porte de Versailles','2024-08-04',8001,15),(97,'Tennis de table','Parc des expositions de la Porte de Versailles','2024-08-05',8001,15),(98,'Tennis de table','Parc des expositions de la Porte de Versailles','2024-08-06',8001,15),(99,'Tennis de table','Parc des expositions de la Porte de Versailles','2024-08-07',8001,15),(100,'Tennis de table','Parc des expositions de la Porte de Versailles','2024-08-08',8001,15),(101,'Tennis de table','Parc des expositions de la Porte de Versailles','2024-08-09',8001,15),(102,'Rugby à sept','Stade Jean Bouin','2024-07-27',6501,15),(103,'Rugby à sept','Stade Jean Bouin','2024-07-28',6501,15),(104,'Rugby à sept','Stade Jean Bouin','2024-07-29',6501,15),(105,'Rugby à sept','Stade Jean Bouin','2024-07-30',6501,15),(106,'Rugby à sept','Stade Jean Bouin','2024-07-31',6501,15),(107,'Rugby à sept','Stade Jean Bouin','2024-08-01',6501,15),(108,'Tennis','Roland-Garros','2024-07-26',7901,16),(109,'Tennis','Roland-Garros','2024-07-27',7901,16),(110,'Tennis','Roland-Garros','2024-07-28',7901,16),(111,'Tennis','Roland-Garros','2024-07-29',7901,16),(112,'Tennis','Roland-Garros','2024-07-30',7901,16),(113,'Tennis','Roland-Garros','2024-07-31',7901,16),(114,'Tennis','Roland-Garros','2024-08-01',7901,16),(115,'Tennis','Roland-Garros','2024-08-02',7901,16),(116,'Tennis','Roland-Garros','2024-08-03',7901,16),(117,'Boxe','Roland-Garros','2024-07-26',1401,16),(118,'Boxe','Roland-Garros','2024-07-27',1401,16),(119,'Boxe','Roland-Garros','2024-07-28',1401,16),(120,'Boxe','Roland-Garros','2024-07-29',1401,16),(121,'Boxe','Roland-Garros','2024-07-30',1401,16),(122,'Boxe','Roland-Garros','2024-07-31',1401,16),(123,'Boxe','Roland-Garros','2024-08-01',1401,16),(124,'Boxe','Roland-Garros','2024-08-02',1401,16),(125,'Boxe','Roland-Garros','2024-08-04',1401,16),(126,'Boxe','Roland-Garros','2024-08-05',1401,16),(127,'Boxe','Roland-Garros','2024-08-06',1401,16),(128,'Boxe','Roland-Garros','2024-08-07',1401,16),(129,'Boxe','Roland-Garros','2024-08-08',1401,16),(130,'Boxe','Roland-Garros','2024-08-09',1401,16),(131,'Boxe','Roland-Garros','2024-08-10',1401,16),(132,'Basket','Accor Hotels Arena','2024-07-26',1101,12),(133,'Basket','Accor Hotels Arena','2024-07-27',1101,12),(134,'Basket','Accor Hotels Arena','2024-07-28',1101,12),(135,'Basket','Accor Hotels Arena','2024-07-29',1101,12),(136,'Basket','Accor Hotels Arena','2024-07-30',1101,12),(137,'Basket','Accor Hotels Arena','2024-07-31',1101,12),(138,'Basket','Accor Hotels Arena','2024-08-01',1101,12),(139,'Basket','Accor Hotels Arena','2024-08-02',1101,12),(140,'Basket','Accor Hotels Arena','2024-08-03',1101,12),(141,'Basket','Accor Hotels Arena','2024-08-04',1101,12),(142,'Basket','Accor Hotels Arena','2024-08-05',1101,12),(143,'Basket','Accor Hotels Arena','2024-08-06',1101,12),(144,'Basket','Accor Hotels Arena','2024-08-07',1101,12),(145,'Basket','Accor Hotels Arena','2024-08-08',1101,12),(146,'Basket','Accor Hotels Arena','2024-08-09',1101,12),(147,'Judo','Accor Hotels Arena','2024-07-26',4301,12),(148,'Judo','Accor Hotels Arena','2024-07-27',4301,12),(149,'Judo','Accor Hotels Arena','2024-07-28',4301,12),(150,'Judo','Accor Hotels Arena','2024-07-29',4301,12),(151,'Judo','Accor Hotels Arena','2024-07-30',4301,12),(152,'Judo','Accor Hotels Arena','2024-07-31',4301,12),(153,'Judo','Accor Hotels Arena','2024-08-01',4301,12),(154,'Judo','Accor Hotels Arena','2024-08-02',4301,12),(155,'Haltérophilie','Zénith','2024-07-26',3601,19),(156,'Haltérophilie','Zénith','2024-07-27',3601,19),(157,'Haltérophilie','Zénith','2024-07-28',3601,19),(158,'Haltérophilie','Zénith','2024-07-29',3601,19),(159,'Haltérophilie','Zénith','2024-08-01',3601,19),(160,'Haltérophilie','Zénith','2024-08-02',3601,19),(161,'Haltérophilie','Zénith','2024-08-03',3601,19),(162,'Haltérophilie','Zénith','2024-08-04',3601,19),(163,'Haltérophilie','Zénith','2024-08-05',3601,19),(164,'Haltérophilie','Zénith','2024-08-06',3601,19),(165,'Hockey sur gazon','Stade Yves-du-Manoir','2024-07-26',3801,NULL),(166,'Hockey sur gazon','Stade Yves-du-Manoir','2024-07-27',3801,NULL),(167,'Hockey sur gazon','Stade Yves-du-Manoir','2024-07-28',3801,NULL),(168,'Hockey sur gazon','Stade Yves-du-Manoir','2024-07-29',3801,NULL),(169,'Hockey sur gazon','Stade Yves-du-Manoir','2024-07-30',3801,NULL),(170,'Hockey sur gazon','Stade Yves-du-Manoir','2024-07-31',3801,NULL),(171,'Hockey sur gazon','Stade Yves-du-Manoir','2024-08-01',3801,NULL),(172,'Hockey sur gazon','Stade Yves-du-Manoir','2024-08-02',3801,NULL),(173,'Hockey sur gazon','Stade Yves-du-Manoir','2024-08-03',3801,NULL),(174,'Hockey sur gazon','Stade Yves-du-Manoir','2024-08-04',3801,NULL),(175,'Hockey sur gazon','Stade Yves-du-Manoir','2024-08-05',3801,NULL),(176,'Hockey sur gazon','Stade Yves-du-Manoir','2024-08-06',3801,NULL),(177,'Hockey sur gazon','Stade Yves-du-Manoir','2024-08-07',3801,NULL),(178,'Hockey sur gazon','Stade Yves-du-Manoir','2024-08-08',3801,NULL),(179,'Canoë-Kayak','Base nautique','2024-07-26',9405,NULL),(180,'Canoë-Kayak','Base nautique','2024-07-27',9405,NULL),(181,'Canoë-Kayak','Base nautique','2024-07-28',9405,NULL),(182,'Canoë-Kayak','Base nautique','2024-07-29',9405,NULL),(183,'Canoë-Kayak','Base nautique','2024-07-30',9405,NULL),(184,'Canoë-Kayak','Base nautique','2024-07-31',9405,NULL),(185,'Canoë-Kayak','Base nautique','2024-08-03',9405,NULL),(186,'Canoë-Kayak','Base nautique','2024-08-04',9405,NULL),(187,'Canoë-Kayak','Base nautique','2024-08-05',9405,NULL),(188,'Canoë-Kayak','Base nautique','2024-08-06',9405,NULL),(189,'Canoë-Kayak','Base nautique','2024-08-07',9405,NULL),(190,'Canoë-Kayak','Base nautique','2024-08-08',9405,NULL),(191,'Aviron','Base nautique','2024-07-26',601,NULL),(192,'Aviron','Base nautique','2024-07-27',601,NULL),(193,'Aviron','Base nautique','2024-07-28',601,NULL),(194,'Aviron','Base nautique','2024-07-29',601,NULL),(195,'Aviron','Base nautique','2024-07-30',601,NULL),(196,'Aviron','Base nautique','2024-07-31',601,NULL),(197,'Aviron','Base nautique','2024-08-01',601,NULL),(198,'Cyclisme sur piste','Vélodrome national','2024-08-03',2203,NULL),(199,'Cyclisme sur piste','Vélodrome national','2024-08-04',2203,NULL),(200,'Cyclisme sur piste','Vélodrome national','2024-08-05',2203,NULL),(201,'Cyclisme sur piste','Vélodrome national','2024-08-06',2203,NULL),(202,'Cyclisme sur piste','Vélodrome national','2024-08-07',2203,NULL),(203,'Cyclisme sur piste','Vélodrome national','2024-08-08',2203,NULL),(204,'Cyclisme sur piste','Vélodrome national','2024-08-09',2203,NULL),(205,'Pentathlon moderne','Vélodrome national','2024-08-06',9406,NULL),(206,'Pentathlon moderne','Vélodrome national','2024-08-07',9406,NULL),(207,'Pentathlon moderne','Vélodrome national','2024-08-08',9406,NULL),(208,'BMX','Vélodrome national','2024-07-30',2202,NULL),(209,'BMX','Vélodrome national','2024-07-31',2202,NULL),(210,'BMX','Vélodrome national','2024-08-01',2202,NULL),(211,'BMX','Vélodrome national','2024-08-02',2202,NULL),(212,'Equitation','Château de Versailles','2024-07-26',2601,NULL),(213,'Equitation','Château de Versailles','2024-07-28',2601,NULL),(214,'Equitation','Château de Versailles','2024-07-29',2601,NULL),(215,'Equitation','Château de Versailles','2024-07-30',2601,NULL),(216,'Equitation','Château de Versailles','2024-07-31',2601,NULL),(217,'Equitation','Château de Versailles','2024-08-01',2601,NULL),(218,'Equitation','Château de Versailles','2024-08-02',2601,NULL),(219,'Equitation','Château de Versailles','2024-08-03',2601,NULL),(220,'Equitation','Château de Versailles','2024-08-04',2601,NULL),(221,'Equitation','Château de Versailles','2024-08-07',2601,NULL),(222,'Equitation','Château de Versailles','2024-08-08',2601,NULL),(223,'Equitation','Château de Versailles','2024-08-09',2601,NULL),(224,'Pentathlon moderne','Château de Versailles','2024-08-06',9406,NULL),(225,'Pentathlon moderne','Château de Versailles','2024-08-07',9406,NULL),(226,'Pentathlon moderne','Château de Versailles','2024-08-08',9406,NULL),(227,'Gymnastique','Arena 92','2024-07-26',3401,NULL),(228,'Gymnastique','Arena 92','2024-07-27',3401,NULL),(229,'Gymnastique','Arena 92','2024-07-28',3401,NULL),(230,'Gymnastique','Arena 92','2024-07-29',3401,NULL),(231,'Gymnastique','Arena 92','2024-07-30',3401,NULL),(232,'Gymnastique','Arena 92','2024-08-02',3401,NULL),(233,'Gymnastique','Arena 92','2024-08-03',3401,NULL),(234,'Gymnastique','Arena 92','2024-08-04',3401,NULL),(235,'Gymnastique','Arena 92','2024-08-05',3401,NULL),(236,'Trampoline','Arena 92','2024-07-31',3408,NULL),(237,'Trampoline','Arena 92','2024-08-01',3408,NULL),(238,'GRS','Arena 92','2024-08-07',3402,NULL),(239,'GRS','Arena 92','2024-08-08',3402,NULL),(240,'GRS','Arena 92','2024-08-09',3402,NULL),(241,'Natation','Centre aquatique','2024-07-26',5201,NULL),(242,'Natation','Centre aquatique','2024-07-27',5201,NULL),(243,'Natation','Centre aquatique','2024-07-28',5201,NULL),(244,'Natation','Centre aquatique','2024-07-29',5201,NULL),(245,'Natation','Centre aquatique','2024-07-30',5201,NULL),(246,'Natation','Centre aquatique','2024-07-31',5201,NULL),(247,'Natation','Centre aquatique','2024-08-01',5201,NULL),(248,'Natation','Centre aquatique','2024-08-02',5201,NULL),(249,'Natation','Centre aquatique','2024-08-03',5201,NULL),(250,'Natation synchronisée','Centre aquatique','2024-08-03',5202,NULL),(251,'Natation synchronisée','Centre aquatique','2024-08-04',5202,NULL),(252,'Natation synchronisée','Centre aquatique','2024-08-05',5202,NULL),(253,'Natation synchronisée','Centre aquatique','2024-08-07',5202,NULL),(254,'Natation synchronisée','Centre aquatique','2024-08-08',5202,NULL),(255,'Natation plongeon','Centre aquatique','2024-07-26',5204,NULL),(256,'Natation plongeon','Centre aquatique','2024-07-27',5204,NULL),(257,'Natation plongeon','Centre aquatique','2024-07-28',5204,NULL),(258,'Natation plongeon','Centre aquatique','2024-07-29',5204,NULL),(259,'Natation plongeon','Centre aquatique','2024-07-31',5204,NULL),(260,'Natation plongeon','Centre aquatique','2024-08-01',5204,NULL),(261,'Natation plongeon','Centre aquatique','2024-08-02',5204,NULL),(262,'Natation plongeon','Centre aquatique','2024-08-03',5204,NULL),(263,'Natation plongeon','Centre aquatique','2024-08-04',5204,NULL),(264,'Natation plongeon','Centre aquatique','2024-08-05',5204,NULL),(265,'Natation plongeon','Centre aquatique','2024-08-06',5204,NULL),(266,'Natation plongeon','Centre aquatique','2024-08-07',5204,NULL),(267,'Natation plongeon','Centre aquatique','2024-08-08',5204,NULL),(268,'Golf','Golf National','2024-07-31',3301,NULL),(269,'Golf','Golf National','2024-08-01',3301,NULL),(270,'Golf','Golf National','2024-08-02',3301,NULL),(271,'Golf','Golf National','2024-08-05',3301,NULL),(272,'Golf','Golf National','2024-08-06',3301,NULL),(273,'Golf','Golf National','2024-08-07',3301,NULL),(274,'Golf','Golf National','2024-08-08',3301,NULL),(275,'Voile','Marina','2024-07-26',8501,NULL),(276,'Voile','Marina','2024-07-27',8501,NULL),(277,'Voile','Marina','2024-07-28',8501,NULL),(278,'Voile','Marina','2024-07-29',8501,NULL),(279,'Voile','Marina','2024-07-30',8501,NULL),(280,'Voile','Marina','2024-07-31',8501,NULL),(281,'Voile','Marina','2024-08-01',8501,NULL),(282,'Voile','Marina','2024-08-02',8501,NULL),(283,'Voile','Marina','2024-08-03',8501,NULL),(284,'Voile','Marina','2024-08-04',8501,NULL),(285,'Voile','Marina','2024-08-05',8501,NULL),(286,'Volley','Salon des Expositions','2024-07-26',8801,NULL),(287,'Volley','Salon des Expositions','2024-07-27',8801,NULL),(288,'Volley','Salon des Expositions','2024-07-28',8801,NULL),(289,'Volley','Salon des Expositions','2024-07-29',8801,NULL),(290,'Volley','Salon des Expositions','2024-07-30',8801,NULL),(291,'Volley','Salon des Expositions','2024-07-31',8801,NULL),(292,'Volley','Salon des Expositions','2024-08-01',8801,NULL),(293,'Volley','Salon des Expositions','2024-08-02',8801,NULL),(294,'Volley','Salon des Expositions','2024-08-03',8801,NULL),(295,'Volley','Salon des Expositions','2024-08-04',8801,NULL),(296,'Volley','Salon des Expositions','2024-08-05',8801,NULL),(297,'Volley','Salon des Expositions','2024-08-06',8801,NULL),(298,'Volley','Salon des Expositions','2024-08-07',8801,NULL),(299,'Volley','Salon des Expositions','2024-08-08',8801,NULL),(300,'Volley','Salon des Expositions','2024-08-09',8801,NULL),(301,'Volley','Salon des Expositions','2024-08-10',8801,NULL),(302,'Volley','Salon des Expositions','2024-08-11',8801,NULL),(303,'Badminton','Salon des Expositions','2024-07-26',701,NULL),(304,'Badminton','Salon des Expositions','2024-07-27',701,NULL),(305,'Badminton','Salon des Expositions','2024-07-28',701,NULL),(306,'Badminton','Salon des Expositions','2024-07-29',701,NULL),(307,'Badminton','Salon des Expositions','2024-07-30',701,NULL),(308,'Badminton','Salon des Expositions','2024-07-31',701,NULL),(309,'Badminton','Salon des Expositions','2024-08-01',701,NULL),(310,'Badminton','Salon des Expositions','2024-08-02',701,NULL),(311,'Badminton','Salon des Expositions','2024-08-03',701,NULL),(312,'Badminton','Salon des Expositions','2024-08-04',701,NULL),(313,'Tir','Salon des Expositions','2024-07-26',8104,NULL),(314,'Tir','Salon des Expositions','2024-07-27',8104,NULL),(315,'Tir','Salon des Expositions','2024-07-28',8104,NULL),(316,'Tir','Salon des Expositions','2024-07-29',8104,NULL),(317,'Tir','Salon des Expositions','2024-07-30',8104,NULL),(318,'Tir','Salon des Expositions','2024-07-31',8104,NULL),(319,'Tir','Salon des Expositions','2024-08-01',8104,NULL),(320,'Tir','Salon des Expositions','2024-08-02',8104,NULL),(321,'Football','Stade de football','2024-07-26',2901,NULL),(322,'Football','Stade de football','2024-07-29',2901,NULL),(323,'Football','Stade de football','2024-07-31',2901,NULL),(324,'Football','Stade de football','2024-08-01',2901,NULL),(325,'Football','Stade de football','2024-08-03',2901,NULL),(326,'Football','Stade de football','2024-08-04',2901,NULL),(327,'Football','Stade de football','2024-08-06',2901,NULL),(328,'Football','Stade de football','2024-08-07',2901,NULL),(329,'Football','Stade de football','2024-08-08',2901,NULL),(330,'Football','Stade de football','2024-08-09',2901,NULL),(331,'Football','Stade de football','2024-08-10',2901,NULL),(332,'Football','Stade de football','2024-08-11',2901,NULL),(333,'Football','Stade de football','2024-07-26',2901,NULL),(334,'Football','Stade de football','2024-07-29',2901,NULL),(335,'Football','Stade de football','2024-07-31',2901,NULL),(336,'Football','Stade de football','2024-08-01',2901,NULL),(337,'Football','Stade de football','2024-08-03',2901,NULL),(338,'Football','Stade de football','2024-08-04',2901,NULL),(339,'Football','Stade de football','2024-08-06',2901,NULL),(340,'Football','Stade de football','2024-08-07',2901,NULL),(341,'Football','Stade de football','2024-08-08',2901,NULL),(342,'Football','Stade de football','2024-08-09',2901,NULL),(343,'Football','Stade de football','2024-08-10',2901,NULL),(344,'Football','Stade de football','2024-08-11',2901,NULL),(345,'Football','Stade de football','2024-07-26',2901,NULL),(346,'Football','Stade de football','2024-07-29',2901,NULL),(347,'Football','Stade de football','2024-07-31',2901,NULL),(348,'Football','Stade de football','2024-08-01',2901,NULL),(349,'Football','Stade de football','2024-08-03',2901,NULL),(350,'Football','Stade de football','2024-08-04',2901,NULL),(351,'Football','Stade de football','2024-08-06',2901,NULL),(352,'Football','Stade de football','2024-08-07',2901,NULL),(353,'Football','Stade de football','2024-08-08',2901,NULL),(354,'Football','Stade de football','2024-08-09',2901,NULL),(355,'Football','Stade de football','2024-08-10',2901,NULL),(356,'Football','Stade de football','2024-08-11',2901,NULL),(357,'Football','Stade de football','2024-07-26',2901,NULL),(358,'Football','Stade de football','2024-07-29',2901,NULL),(359,'Football','Stade de football','2024-07-31',2901,NULL),(360,'Football','Stade de football','2024-08-01',2901,NULL),(361,'Football','Stade de football','2024-08-03',2901,NULL),(362,'Football','Stade de football','2024-08-04',2901,NULL),(363,'Football','Stade de football','2024-08-06',2901,NULL),(364,'Football','Stade de football','2024-08-07',2901,NULL),(365,'Football','Stade de football','2024-08-08',2901,NULL),(366,'Football','Stade de football','2024-08-09',2901,NULL),(367,'Football','Stade de football','2024-08-10',2901,NULL),(368,'Football','Stade de football','2024-08-11',2901,NULL),(369,'Football','Stade de football','2024-07-26',2901,NULL),(370,'Football','Stade de football','2024-07-29',2901,NULL),(371,'Football','Stade de football','2024-07-31',2901,NULL),(372,'Football','Stade de football','2024-08-01',2901,NULL),(373,'Football','Stade de football','2024-08-03',2901,NULL),(374,'Football','Stade de football','2024-08-04',2901,NULL),(375,'Football','Stade de football','2024-08-06',2901,NULL),(376,'Football','Stade de football','2024-08-07',2901,NULL),(377,'Football','Stade de football','2024-08-08',2901,NULL),(378,'Football','Stade de football','2024-08-09',2901,NULL),(379,'Football','Stade de football','2024-08-10',2901,NULL),(380,'Football','Stade de football','2024-08-11',2901,NULL),(381,'Football','Stade de football','2024-07-26',2901,NULL),(382,'Football','Stade de football','2024-07-29',2901,NULL),(383,'Football','Stade de football','2024-07-31',2901,NULL),(384,'Football','Stade de football','2024-08-01',2901,NULL),(385,'Football','Stade de football','2024-08-03',2901,NULL),(386,'Football','Stade de football','2024-08-04',2901,NULL),(387,'Football','Stade de football','2024-08-06',2901,NULL),(388,'Football','Stade de football','2024-08-07',2901,NULL),(389,'Football','Stade de football','2024-08-08',2901,NULL),(390,'Football','Stade de football','2024-08-09',2901,NULL),(391,'Football','Stade de football','2024-08-10',2901,NULL),(392,'Football','Stade de football','2024-08-11',2901,NULL),(393,'Football','Stade de football','2024-07-26',2901,NULL),(394,'Football','Stade de football','2024-07-29',2901,NULL),(395,'Football','Stade de football','2024-07-31',2901,NULL),(396,'Football','Stade de football','2024-08-01',2901,NULL),(397,'Football','Stade de football','2024-08-03',2901,NULL),(398,'Football','Stade de football','2024-08-04',2901,NULL),(399,'Football','Stade de football','2024-08-06',2901,NULL),(400,'Football','Stade de football','2024-08-07',2901,NULL),(401,'Football','Stade de football','2024-08-08',2901,NULL),(402,'Football','Stade de football','2024-08-09',2901,NULL),(403,'Football','Stade de football','2024-08-10',2901,NULL),(404,'Football','Stade de football','2024-08-11',2901,NULL),(405,'Football','Stade de football','2024-07-26',2901,NULL),(406,'Football','Stade de football','2024-07-29',2901,NULL),(407,'Football','Stade de football','2024-07-31',2901,NULL),(408,'Football','Stade de football','2024-08-01',2901,NULL),(409,'Football','Stade de football','2024-08-03',2901,NULL),(410,'Football','Stade de football','2024-08-04',2901,NULL),(411,'Football','Stade de football','2024-08-06',2901,NULL),(412,'Football','Stade de football','2024-08-07',2901,NULL),(413,'Football','Stade de football','2024-08-08',2901,NULL),(414,'Football','Stade de football','2024-08-09',2901,NULL),(415,'Football','Stade de football','2024-08-10',2901,NULL),(416,'Football','Stade de football','2024-08-11',2901,NULL),(417,'Football','Stade de football','2024-07-26',2901,NULL),(418,'Football','Stade de football','2024-07-29',2901,NULL),(419,'Football','Stade de football','2024-07-31',2901,NULL),(420,'Football','Stade de football','2024-08-01',2901,NULL),(421,'Football','Stade de football','2024-08-03',2901,NULL),(422,'Football','Stade de football','2024-08-04',2901,NULL),(423,'Football','Stade de football','2024-08-06',2901,NULL),(424,'Football','Stade de football','2024-08-07',2901,NULL),(425,'Football','Stade de football','2024-08-08',2901,NULL),(426,'Football','Stade de football','2024-08-09',2901,NULL),(427,'Football','Stade de football','2024-08-10',2901,NULL),(428,'Football','Stade de football','2024-08-11',2901,NULL),(429,'Basket','Arena 2','2024-07-26',1101,18),(430,'Basket','Arena 2','2024-07-27',1101,18),(431,'Basket','Arena 2','2024-07-28',1101,18),(432,'Basket','Arena 2','2024-07-29',1101,18),(433,'Basket','Arena 2','2024-07-30',1101,18),(434,'Basket','Arena 2','2024-07-31',1101,18),(435,'Basket','Arena 2','2024-08-01',1101,18),(436,'Basket','Arena 2','2024-08-02',1101,18),(437,'Basket','Arena 2','2024-08-03',1101,18),(438,'Basket','Arena 2','2024-08-04',1101,18),(439,'Basket','Arena 2','2024-08-05',1101,18),(440,'Basket','Arena 2','2024-08-06',1101,18),(441,'Basket','Arena 2','2024-08-07',1101,18),(442,'Basket','Arena 2','2024-08-08',1101,18),(443,'Basket','Arena 2','2024-08-09',1101,18),(444,'Lutte','Arena 2','2024-08-02',4701,18),(445,'Lutte','Arena 2','2024-08-03',4701,18),(446,'Lutte','Arena 2','2024-08-04',4701,18),(447,'Lutte','Arena 2','2024-08-05',4701,18),(448,'Lutte','Arena 2','2024-08-06',4701,18),(449,'Lutte','Arena 2','2024-08-07',4701,18),(450,'Lutte','Arena 2','2024-08-08',4701,18),(451,'VTT','Coline d’Élancourt','2024-07-27',9407,NULL),(452,'VTT','Coline d’Élancourt','2024-07-28',9407,NULL),(453,'Water-polo','Piscine de Marville','2024-07-26',5205,NULL),(454,'Water-polo','Piscine de Marville','2024-07-27',5205,NULL),(455,'Water-polo','Piscine de Marville','2024-07-28',5205,NULL),(456,'Water-polo','Piscine de Marville','2024-07-29',5205,NULL),(457,'Water-polo','Piscine de Marville','2024-07-30',5205,NULL),(458,'Water-polo','Piscine de Marville','2024-07-31',5205,NULL),(459,'Water-polo','Piscine de Marville','2024-08-01',5205,NULL),(460,'Water-polo','Piscine de Marville','2024-08-02',5205,NULL),(461,'Water-polo','Piscine de Marville','2024-08-03',5205,NULL),(462,'Water-polo','Piscine de Marville','2024-08-04',5205,NULL),(463,'Water-polo','Piscine de Marville','2024-08-05',5205,NULL),(464,'Water-polo','Piscine de Marville','2024-08-06',5205,NULL),(465,'Water-polo','Piscine de Marville','2024-08-07',5205,NULL),(466,'Water-polo','Piscine de Marville','2024-08-08',5205,NULL),(467,'Water-polo','Piscine de Marville','2024-08-09',5205,NULL),(468,'Water-polo','Piscine de Marville','2024-08-10',5205,NULL);
/*!40000 ALTER TABLE `olympic_event` ENABLE KEYS */;
UNLOCK TABLES;

--
-- Table structure for table `sports_facility`
--

DROP TABLE IF EXISTS `sports_facility`;
/*!40101 SET @saved_cs_client     = @@character_set_client */;
/*!40101 SET character_set_client = utf8 */;
CREATE TABLE `sports_facility` (
  `id` int(11) NOT NULL AUTO_INCREMENT,
  `practice_level` varchar(50) DEFAULT NULL,
  `handicap_access_mobility_sport_area` tinyint(1) NOT NULL,
  `handicap_access_sensory_sport_area` tinyint(1) NOT NULL,
  `handicap_access_sensory_locker_room` tinyint(1) NOT NULL,
  `handicap_access_mobility_locker_room` tinyint(1) NOT NULL,
  `handicap_access_mobility_swimming_pool` tinyint(1) NOT NULL,
  `handicap_access_sensory_sanitary` tinyint(1) NOT NULL,
  `handicap_access_mobility_sanitary` tinyint(1) NOT NULL,
  `facility_name` text,
  `address_number` int(11) NOT NULL,
  `address_street` text NOT NULL,
  `id_arrondissement` int(11) NOT NULL,
  PRIMARY KEY (`id`),
  KEY `sports_facility_arrondissement_FK` (`id_arrondissement`),
  CONSTRAINT `sports_facility_arrondissement_FK` FOREIGN KEY (`id_arrondissement`) REFERENCES `arrondissement` (`id`)
) ENGINE=InnoDB AUTO_INCREMENT=362732 DEFAULT CHARSET=utf8;
/*!40101 SET character_set_client = @saved_cs_client */;

--
-- Dumping data for table `sports_facility`
--

LOCK TABLES `sports_facility` WRITE;
/*!40000 ALTER TABLE `sports_facility` DISABLE KEYS */;
INSERT INTO `sports_facility` VALUES (139998,'Loisir',0,0,0,1,0,0,1,'Cmg Sports Club One Palais-Royal',147,'Rue Saint Honore',1),(139999,'Loisir',0,0,0,1,0,0,1,'Cmg Sports Club One Palais-Royal',147,'Rue Saint Honore',1),(140001,'Loisir',0,0,0,0,0,0,0,'Institut Ludong Ming',66,'Rue Jean Jacques Rousseau',1),(140003,'Loisir',0,0,0,1,0,0,1,'Centre D\'Etude D\'Action Sociale Et Culturelle',23,'Rue de La Sourdiere',1),(140004,'Loisir',0,0,0,1,0,0,1,'Centre D\'Etude D\'Action Sociale Et Culturelle',23,'Rue de La Sourdiere',1),(140005,'Loisir',0,0,0,1,0,0,1,'Centre D\'Etude D\'Action Sociale Et Culturelle',23,'Rue de La Sourdiere',1),(140006,'Loisir',0,0,0,0,0,0,1,'Centre D\'Etude D\'Action Sociale Et Culturelle',23,'Rue de La Sourdiere',1),(140008,'Loisir',0,0,0,1,0,0,1,'Gymnase Suzanne Berlioux',4,'Place de La Rotonde - Forum Des Halles',1),(140009,'Loisir',0,0,0,1,0,0,1,'Gymnase Suzanne Berlioux',4,'Place de La Rotonde - Forum Des Halles',1),(140010,'Loisir',1,0,0,1,0,0,1,'Piscine Suzanne Berlioux',10,'Place de La Rotonde - Forum Des Halles',1),(140011,'Loisir',1,0,0,1,0,0,1,'Ritz Club Paris',17,'Place Vendome',1),(140013,'Loisir',0,0,0,1,0,0,1,'Ritz Club Paris',17,'Place Vendome',1),(140017,'Loisir',0,0,0,0,0,0,0,'Club Feydeau',24,'Rue Feydeau',2),(140019,'Loisir',0,0,0,0,0,0,0,'Magenia - Ecole Ella Jaroszewicz',16,'Rue Saint Marc',2),(140020,'Loisir',0,0,0,0,0,0,0,'Magenia - Ecole Ella Jaroszewicz',16,'Rue Saint Marc',2),(140021,'Loisir',1,1,1,1,0,1,1,'Centre Sportif Jean Dame',17,'Rue Léopold Bellan',2),(140022,'Compétition',1,0,0,0,0,0,0,'Centre Sportif Jean Dame',17,'Rue Léopold Bellan',2),(140026,'Loisir',0,0,0,0,0,0,0,'Association Sportive de La Banque de France',4,'Rue Marsollier',2),(140027,'Compétition',0,0,0,0,0,0,0,'Association Sportive de La Banque de France',4,'Rue Marsollier',2),(140028,'Compétition',0,0,0,0,0,0,0,'Association Sportive de La Banque de France',4,'Rue Marsollier',2),(140030,'Loisir',0,0,0,0,0,0,0,'Bnp Paribas',3,'Rue Louis Le Grand',2),(140035,'Loisir',1,1,1,1,0,1,1,'Carreau Du Temple',4,'Rue Eugene Spuller',3),(140036,'Loisir',1,1,1,1,0,1,1,'Carreau Du Temple',4,'Rue Eugene Spuller',3),(140039,'Loisir',1,1,1,1,0,1,1,'Gymnase Michel Le Comte',14,'Rue Michel Le Comte',3),(140040,'Loisir',1,0,0,0,0,0,0,'Lycee Turgot',69,'Rue de Turbigo',3),(140041,'Loisir',1,0,0,1,0,0,1,'Lycee Turgot',69,'Rue de Turbigo',3),(140042,'Loisir',1,0,0,0,0,0,0,'Lycee Turgot',69,'Rue de Turbigo',3),(140043,'Loisir',1,0,0,0,1,0,0,'Lycee Turgot',69,'Rue de Turbigo',3),(140045,'Loisir',0,0,0,0,0,0,0,'Les Cercles de La Forme Beaubourg',48,'Rue Rambuteau',3),(140047,'Loisir',0,0,0,0,0,0,0,'Les Cercles de La Forme Beaubourg',48,'Rue Rambuteau',3),(140049,'Loisir',0,0,0,0,1,0,0,'Sun City',62,'Boulevard de Sebastopol',3),(140050,'Loisir',0,0,0,0,0,0,0,'Sun City',62,'Boulevard de Sebastopol',3),(140053,'Loisir',0,0,0,0,0,0,0,'College Beranger',5,'Rue Beranger',3),(140058,'Loisir',0,0,0,0,0,0,0,'Lycee Victor Hugo',27,'Rue de Sevigne',3),(140060,'Compétition',0,0,0,0,0,0,0,'College Epernon',102,'Rue Vieille Du Temple',3),(140061,'Compétition',0,0,0,0,0,0,0,'College Barbette',11,'Rue Barbette',3),(140062,'Loisir',1,0,0,1,0,0,1,'Tep Neuve Saint-Pierre',42921,'Rue Neuve Saint-Pierre',4),(140065,'Loisir',1,0,0,1,0,0,1,'La Halle Des Blancs Manteaux',48,'Rue Vieille Du Temple',4),(140066,'Compétition',0,0,0,1,0,0,1,'La Halle Des Blancs Manteaux',48,'Rue Vieille Du Temple',4),(140067,'Loisir',0,0,0,1,0,0,1,'La Halle Des Blancs Manteaux',48,'Rue Vieille Du Temple',4),(140068,'Loisir',1,0,0,1,0,0,1,'Paris Stadium Charlemagne',9,'Rue Charlemagne',4),(140069,'Loisir',1,0,0,1,0,0,1,'Paris Stadium Charlemagne',9,'Rue Charlemagne',4),(140070,'Compétition',0,0,0,1,0,0,1,'Paris Stadium Charlemagne',9,'Rue Charlemagne',4),(140071,'Loisir',1,0,0,1,0,0,1,'Paris Stadium Charlemagne',9,'Rue Charlemagne',4),(140073,'Loisir',0,0,0,0,1,0,0,'Centre Sportif Saint Merri',16,'Rue Du Renard',4),(140074,'Loisir',1,0,0,0,0,0,0,'Centre Sportif Saint Merri',16,'Rue Du Renard',4),(140075,'Loisir',0,0,0,0,0,0,0,'Centre de Danse Du Marais',41,'Rue Du Temple',4),(140076,'Compétition',0,0,0,0,0,0,0,'Centre de Danse Du Marais',41,'Rue Du Temple',4),(140077,'Loisir',0,0,0,0,0,0,0,'Centre de Danse Du Marais',41,'Rue Du Temple',4),(140079,'Compétition',0,0,0,0,0,0,0,'Centre de Danse Du Marais',41,'Rue Du Temple',4),(140080,'Loisir',0,0,0,0,0,0,0,'Centre de Danse Du Marais',41,'Rue Du Temple',4),(140081,'Loisir',0,0,0,0,0,0,0,'Centre de Danse Du Marais',41,'Rue Du Temple',4),(140084,'Loisir',0,0,0,0,0,0,0,'Centre de Danse Du Marais',41,'Rue Du Temple',4),(140086,'Loisir',0,0,0,0,0,0,0,'Centre de Danse Du Marais',41,'Rue Du Temple',4),(140087,'Loisir',0,0,0,0,0,0,0,'Centre de Danse Du Marais',41,'Rue Du Temple',4),(140090,'Loisir',1,0,0,0,0,0,1,'College Francois Couperin',2,'Allee Des Justes',4),(140091,'Compétition',1,0,0,1,0,0,1,'College Francois Couperin',2,'Allee Des Justes',4),(140092,'Loisir',0,0,0,0,0,0,0,'Ecole Massillon',2,'Quai Des Celestins',4),(140093,'Compétition',1,0,0,0,0,0,0,'Lycee Sophie Germain',9,'Rue de Jouy',4),(140094,'Loisir',0,0,0,0,0,0,0,'Lycee Sophie Germain',9,'Rue de Jouy',4),(140102,'Loisir',0,0,0,0,1,0,0,'Club Saint Paul',6,'Rue Saint Paul',4),(140106,'Loisir',0,0,0,1,0,0,1,'Gymnase Amyot',3,'Rue Amyot',5),(140108,'Loisir',0,0,0,1,0,0,1,'Gymnase Amyot',3,'Rue Amyot',5),(140109,'Loisir',1,0,0,0,0,0,1,'Arenes de Lutece',8,'Rue de Navarre',5),(140110,'Compétition',1,0,0,0,0,0,0,'Gymnase Buffon',13,'Rue Buffon',5),(140112,'Loisir',1,0,0,1,0,0,1,'Piscine Municipale Jean Taris',16,'Rue Thouin',5),(140116,'Loisir',1,0,0,0,0,0,1,'Gymnase Lucien Gaudin',4,'Quai Saint Bernard',5),(140117,'Loisir',0,0,0,1,0,0,1,'Gymnase Ortolan',18,'Rue Ortolan',5),(140118,'Compétition',1,0,0,0,0,0,0,'Gymnase Des Patriarches',6,'Place Bernard Halpern',5),(140119,'Compétition',1,0,0,1,0,0,0,'Centre Sportif Poliveau',39,'Rue Poliveau',5),(140122,'Loisir',0,0,0,0,0,0,0,'Bowling Mouffetard',73,'Rue Mouffetard',5),(140124,'Loisir',0,0,0,0,0,0,0,'Espace Sportif Pontoise',19,'Rue de Pontoise',5),(140127,'Loisir',0,0,0,0,0,0,0,'Espace Sportif Pontoise',19,'Rue de Pontoise',5),(140128,'Loisir',0,0,0,1,0,0,0,'Palestra Club',10,'Rue Des Boulangers',5),(140129,'Compétition',0,0,0,1,0,0,1,'Centre Sportif Universitaire Jean Sarrailh',31,'Avenue Georges Bernanos',5),(140130,'Loisir',1,0,0,1,0,0,1,'Centre Sportif Universitaire Jean Sarrailh',31,'Avenue Georges Bernanos',5),(140131,'Loisir',0,0,0,1,0,0,1,'Centre Sportif Universitaire Jean Sarrailh',31,'Avenue Georges Bernanos',5),(140132,'Loisir',0,0,0,1,0,0,1,'Centre Sportif Universitaire Jean Sarrailh',31,'Avenue Georges Bernanos',5),(140133,'Compétition',1,0,0,1,0,0,1,'Centre Sportif Universitaire Jean Sarrailh',31,'Avenue Georges Bernanos',5),(140139,'Loisir',0,0,0,0,0,0,0,'Lycee Louis Le Grand',123,'Rue Saint Jacques',5),(140141,'Loisir',1,0,0,0,0,0,0,'Lycee Louis Le Grand',123,'Rue Saint Jacques',5),(140142,'Loisir',1,0,0,0,0,0,0,'Lycee Henri Iv',23,'Rue Clovis',5),(140143,'Loisir',0,0,0,0,0,0,0,'Lycee Henri Iv',23,'Rue Clovis',5),(140144,'Loisir',1,0,0,0,0,0,0,'Lycee Henri Iv',23,'Rue Clovis',5),(140145,'Loisir',0,0,0,0,0,0,0,'Lycee Henri Iv',23,'Rue Clovis',5),(140153,'Loisir',1,0,0,1,0,0,0,'Caserne Monge',21,'Rue Gracieuse',5),(140157,'Loisir',1,1,1,0,0,1,0,'Institut National Des Jeunes Sourds',254,'Rue Saint Jacques',5),(140158,'Loisir',0,0,0,0,1,0,0,'Ecole Polytechnique',1,'Rue Descartes',5),(140159,'Loisir',0,0,0,0,0,0,0,'Ecole Polytechnique',1,'Rue Descartes',5),(140160,'Loisir',0,0,0,1,0,0,0,'Centre Paris Anim\' Arras',48,'Rue Cardinal Lemoine',5),(140171,'Loisir',1,0,0,1,0,0,1,'Ecole Normale Superieure',45,'Rue D\'Ulm',5),(140172,'Loisir',0,0,0,1,0,0,1,'Ecole Normale Superieure',45,'Rue D\'Ulm',5),(140177,'Compétition',0,0,0,0,0,0,0,'Club Jean de Beauvais',5,'Rue Jean de Beauvais',5),(140178,'Compétition',0,0,0,0,0,0,0,'Club Jean de Beauvais',5,'Rue Jean de Beauvais',5),(140180,'Loisir',0,0,0,0,0,0,0,'Club Jean de Beauvais',5,'Rue Jean de Beauvais',5),(140181,'Loisir',0,0,0,0,0,0,0,'Cmg Sports Club One Montparnasse',149,'Rue de Rennes',6),(140183,'Loisir',0,0,0,0,0,0,0,'Cmg Sports Club One Montparnasse',149,'Rue de Rennes',6),(140184,'Loisir',0,0,0,0,0,0,0,'Cmg Sports Club One Montparnasse',149,'Rue de Rennes',6),(140186,'Loisir',1,0,0,0,0,0,0,'Cmg Sports Club One Montparnasse',149,'Rue de Rennes',6),(140187,'Loisir',1,0,0,0,0,0,0,'Tennis Du Luxembourg',3,'Rue Guynemer',6),(140188,'Loisir',1,0,0,0,0,0,0,'Tennis Du Luxembourg',3,'Rue Guynemer',6),(140193,'Loisir',0,0,0,0,0,0,0,'Gymnase Garancière',17,'Rue Garanciere',6),(140194,'Loisir',0,0,0,0,0,0,0,'Centre Sportif Saint Germain',12,'Rue Lobineau',6),(140195,'Loisir',0,0,0,0,0,0,0,'Centre Sportif Saint Germain',12,'Rue Lobineau',6),(140196,'Loisir',1,0,0,1,0,0,1,'Centre Sportif Saint Germain',12,'Rue Lobineau',6),(140197,'Compétition',1,0,0,0,0,0,0,'Gymnase Vaugirard Littre',87,'Rue de Vaugirard',6),(140198,'Loisir',1,0,0,0,0,0,0,'Gymnase Vaugirard Littre',87,'Rue de Vaugirard',6),(140200,'Loisir',0,0,0,0,0,0,0,'Solane Dominique Et Janine',1,'Rue Grande Chaumiere',6),(140201,'Loisir',0,0,0,0,0,0,0,'College Lycee Saint Sulpice',68,'Rue D\'Assas',6),(140203,'Loisir',1,0,0,1,0,0,1,'Cite Scolaire Montaigne',17,'Rue Auguste Comte',6),(140205,'Compétition',1,0,0,1,0,0,1,'Cite Scolaire Montaigne',17,'Rue Auguste Comte',6),(140206,'Compétition',1,0,0,1,0,0,1,'Cite Scolaire Montaigne',17,'Rue Auguste Comte',6),(140207,'Loisir',0,0,0,0,0,0,0,'Lycée Fénelon',2,'Rue de L\'Eperon',6),(140208,'Loisir',0,0,0,0,0,0,0,'Lycée Fénelon',2,'Rue de L\'Eperon',6),(140209,'Loisir',0,0,0,0,0,0,0,'Lycée Fénelon',2,'Rue de L\'Eperon',6),(140210,'Loisir',1,0,0,1,0,0,1,'Lycee Saint Louis',44,'Boulevard Saint Michel',6),(140211,'Compétition',1,0,0,1,0,0,1,'Lycee Saint Louis',44,'Boulevard Saint Michel',6),(140212,'Loisir',0,0,0,0,0,0,0,'Lycee Saint Louis',44,'Boulevard Saint Michel',6),(140213,'Compétition',1,0,0,1,0,0,1,'Lycee Saint Louis',44,'Boulevard Saint Michel',6),(140215,'Loisir',0,0,0,0,0,0,0,'Lycee Saint Louis',44,'Boulevard Saint Michel',6),(140216,'Compétition',0,0,0,0,0,0,0,'Lycee Saint Louis',44,'Boulevard Saint Michel',6),(140217,'Compétition',0,0,0,0,0,0,0,'Lycee Saint Nicolas',92,'Rue de Vaugirard',6),(140220,'Loisir',0,0,0,0,0,0,0,'Ecole Alsacienne',109,'Rue de Notre Dame Des Champs',6),(140221,'Loisir',0,0,0,0,0,0,0,'Ecole Alsacienne',109,'Rue de Notre Dame Des Champs',6),(140222,'Loisir',1,0,0,1,0,0,1,'Ecole Alsacienne',109,'Rue de Notre Dame Des Champs',6),(140226,'Loisir',1,0,0,1,0,0,0,'Ogec Notre Dame de Lion',61,'Rue Notre Dame Des Champs',6),(140227,'Loisir',1,0,0,0,1,0,0,'College Stanilas',22,'Rue Notre Dame Des Champs',6),(140229,'Loisir',1,0,0,1,0,0,0,'College Stanilas',22,'Rue Notre Dame Des Champs',6),(140230,'Loisir',1,0,0,1,0,0,0,'College Stanilas',22,'Rue Notre Dame Des Champs',6),(140232,'Loisir',1,0,0,1,0,0,0,'College Stanilas',22,'Rue Notre Dame Des Champs',6),(140233,'Loisir',1,0,0,1,0,0,0,'College Stanilas',22,'Rue Notre Dame Des Champs',6),(140234,'Loisir',1,0,0,1,0,0,0,'College Stanilas',22,'Rue Notre Dame Des Champs',6),(140235,'Loisir',1,0,0,0,0,0,0,'College Stanilas',22,'Rue Notre Dame Des Champs',6),(140236,'Loisir',0,0,0,0,0,0,0,'Salle D\'Armes Caudurier',6,'Rue Git Le Coeur',6),(140240,'Compétition',0,0,0,0,0,0,0,'La Gardere Paris Racing',5,'Rue Eble',7),(140241,'Compétition',0,0,0,0,0,0,0,'La Gardere Paris Racing',5,'Rue Eble',7),(140242,'Loisir',0,0,0,0,0,0,0,'La Gardere Paris Racing',5,'Rue Eble',7),(140244,'Loisir',0,0,0,0,1,0,0,'La Gardere Paris Racing',5,'Rue Eble',7),(140245,'Loisir',0,0,0,0,1,0,0,'La Gardere Paris Racing',5,'Rue Eble',7),(140246,'Loisir',0,0,0,0,0,0,0,'La Gardere Paris Racing',5,'Rue Eble',7),(140247,'Loisir',0,0,0,0,0,0,0,'Caisse Des Depots - U.S.A.C',67,'Rue de Lille',7),(140253,'Loisir',0,0,0,0,0,0,0,'Gymnase Camou',35,'Avenue de La Bourdonnais',7),(140254,'Loisir',1,0,0,1,1,0,1,'Centre Sportif Cler',6,'Rue Cler',7),(140255,'Loisir',1,0,0,1,0,0,1,'Centre Sportif Cler',6,'Rue Cler',7),(140256,'Loisir',0,0,0,0,0,0,0,'Gymnase Des Invalides',1,'Rue Paul & Jean Lerolle',7),(140257,'Loisir',0,0,0,0,0,0,0,'Gymnase Masseran',6,'Rue Masseran',7),(140260,'Loisir',0,0,0,0,0,0,0,'Gymnase de L\'Eglise Americaine',65,'Quai D\'Orsay',7),(140261,'Loisir',0,0,0,0,0,0,0,'Gymnase de L\'Eglise Americaine',65,'Quai D\'Orsay',7),(140262,'Loisir',1,0,0,0,0,0,0,'Academie Americaine de Danse de Paris',100,'Rue Du Cherche Midi',6),(140263,'Loisir',1,0,0,0,0,0,0,'Academie Americaine de Danse de Paris',100,'Rue Du Cherche Midi',6),(140264,'Loisir',0,0,0,0,0,0,0,'Association Sainte-Agnes',23,'Rue Oudinot',7),(140266,'Loisir',0,0,0,0,0,0,0,'Ecole de Danse Georges Et Rosy',20,'Rue de Varenne',7),(140267,'Loisir',0,0,0,0,0,0,0,'Club 49 Babylone',49,'Rue de Babylone',7),(140269,'Loisir',0,0,0,0,0,0,0,'Club 49 Babylone',49,'Rue de Babylone',7),(140271,'Loisir',0,0,0,0,0,0,0,'Association Sportive Et Culturelle de L\'Assemblee Nationale',126,'Rue de L\'Universite',7),(140272,'Loisir',0,0,0,0,0,0,0,'Association Sportive Et Culturelle de L\'Assemblee Nationale',126,'Rue de L\'Universite',7),(140274,'Loisir',1,0,0,1,0,0,1,'Lycee de La Rochefoucault',22,'Rue Malar',7),(140277,'Loisir',1,0,0,0,0,0,0,'Lycee de La Rochefoucault',22,'Rue Malar',7),(140281,'Loisir',0,0,0,0,0,0,0,'College Lycee D\'Hulst',21,'Rue de Varenne',7),(140282,'Loisir',0,0,0,0,0,0,0,'Ensemble Scolaire Sainte Jeanne Elisabeth',8,'Rue Maurice de La Sizeranne',7),(140283,'Compétition',0,0,0,0,0,0,0,'Lycee Victor Duruy',33,'Boulevard Des Invalides',7),(140285,'Loisir',0,0,0,0,0,0,0,'Lycee Victor Duruy',33,'Boulevard Des Invalides',7),(140286,'Loisir',0,0,0,0,0,0,0,'Lycee Victor Duruy',33,'Boulevard Des Invalides',7),(140287,'Compétition',0,0,0,0,0,0,0,'Lycee Victor Duruy',33,'Boulevard Des Invalides',7),(140288,'Loisir',0,0,0,0,0,0,0,'Lycee Victor Duruy',33,'Boulevard Des Invalides',7),(140289,'Compétition',0,0,0,0,0,0,0,'Lycee Victor Duruy',33,'Boulevard Des Invalides',7),(140290,'Compétition',0,0,0,0,0,0,0,'Ecole - College - Lycee L\'Alma',12,'Avenue Bosquet',7),(140293,'Loisir',0,0,0,0,0,0,0,'Cmg Sport Club Champs Elysees',26,'Rue de Berri',8),(140295,'Loisir',0,0,0,0,0,0,0,'Cmg Sport Club Champs Elysees',26,'Rue de Berri',8),(140296,'Loisir',0,0,0,0,0,0,0,'Cmg Sport Club Champs Elysees',26,'Rue de Berri',8),(140297,'Loisir',0,0,0,0,0,0,0,'Cmg Sport Club Champs Elysees',26,'Rue de Berri',8),(140298,'Loisir',0,0,0,0,0,0,0,'Gymnase Roquepine',18,'Rue Roquepine',8),(140299,'Loisir',0,0,0,0,0,0,0,'Gymnase Roquepine',18,'Rue Roquepine',8),(140301,'Loisir',1,0,0,1,0,0,1,'Hotel La Tremoille',14,'Rue de La Tremoille',8),(140302,'Loisir',0,0,0,0,0,0,0,'Paris Yoga',9,'Rue Magellan',8),(140303,'Loisir',0,0,0,0,0,0,0,'Ecole de Danse Classique',6,'Avenue Georges V',8),(140304,'Loisir',0,0,0,0,0,0,0,'Cercle de L\'Union Interalliees',33,'Rue Du Faubourg St Honore',8),(140305,'Loisir',0,0,0,0,1,0,0,'Cercle de L\'Union Interalliees',33,'Rue Du Faubourg St Honore',8),(140307,'Loisir',0,0,0,0,0,0,0,'Cercle de L\'Union Interalliees',33,'Rue Du Faubourg St Honore',8),(140309,'Loisir',0,0,0,0,0,0,0,'Cercle de L\'Union Interalliees',33,'Rue Du Faubourg St Honore',8),(140310,'Loisir',0,0,0,0,0,0,0,'Cercle de L\'Union Interalliees',33,'Rue Du Faubourg St Honore',8),(140311,'Loisir',1,0,0,1,0,0,1,'Les Thermes - Hotel Royal Monceau',37,'Avenue Hoche',8),(140313,'Loisir',1,0,0,1,1,0,0,'Les Thermes - Hotel Royal Monceau',37,'Avenue Hoche',8),(140315,'Loisir',0,0,0,0,1,0,0,'Automobile Club de France (Acf)',6,'Place de La Concorde',8),(140316,'Loisir',1,0,0,0,0,0,0,'Automobile Club de France (Acf)',6,'Place de La Concorde',8),(140319,'Loisir',0,0,0,0,0,0,0,'Automobile Club de France (Acf)',6,'Place de La Concorde',8),(140320,'Loisir',0,0,0,0,0,0,0,'Automobile Club de France (Acf)',6,'Place de La Concorde',8),(140321,'Loisir',0,0,0,0,0,0,0,'Automobile Club de France (Acf)',6,'Place de La Concorde',8),(140322,'Loisir',0,0,0,0,0,0,0,'Automobile Club de France (Acf)',6,'Place de La Concorde',8),(140323,'Loisir',0,0,0,0,0,0,0,'Automobile Club de France (Acf)',6,'Place de La Concorde',8),(140324,'Loisir',0,0,0,0,0,0,0,'Centre D\'Animation Beaujon',208,'Rue Du Faubourg Saint Honore',8),(140328,'Loisir',0,0,0,0,0,0,0,'College Octave Greard',28,'Rue Du General Foy',8),(140329,'Loisir',0,0,0,0,0,0,0,'Lycee Racine',38,'Rue de Naples',8),(140330,'Loisir',0,0,0,0,0,0,0,'Lycee Racine',38,'Rue de Naples',8),(140331,'Loisir',1,0,0,0,0,0,0,'Etablissement Fenelon',47,'Rue de Naples',8),(140332,'Loisir',1,0,0,0,0,0,0,'Etablissement Fenelon',47,'Rue de Naples',8),(140333,'Loisir',1,0,0,0,0,0,0,'Etablissement Fenelon',47,'Rue de Naples',8),(140334,'Loisir',1,0,0,0,0,0,0,'Etablissement Fenelon',47,'Rue de Naples',8),(140335,'Loisir',1,0,0,0,0,0,0,'Etablissement Fenelon',47,'Rue de Naples',8),(140336,'Loisir',1,0,0,0,0,0,0,'Etablissement Fenelon',47,'Rue de Naples',8),(140339,'Loisir',0,0,0,0,0,0,0,'Cite Scolaire Chaptal',45,'Boulevard Des Batignolles',8),(140340,'Loisir',0,0,0,0,0,0,0,'Cite Scolaire Chaptal',45,'Boulevard Des Batignolles',8),(140344,'Loisir',1,0,0,0,0,0,0,'Cmg Sport Waou Grands Boulevards',42921,'Rue Du Faubourg Poissonniere',9),(140346,'Loisir',0,0,0,0,0,0,0,'Cmg Sport Club Lafayette',10,'Rue de La Victoire',9),(140347,'Loisir',0,0,0,0,0,0,0,'Cmg Sport Club Lafayette',10,'Rue de La Victoire',9),(140350,'Loisir',0,0,0,0,0,0,0,'Cmg Sport Club Lafayette',10,'Rue de La Victoire',9),(140351,'Loisir',0,0,0,0,0,0,0,'Cmg Sport Club Lafayette',10,'Rue de La Victoire',9),(140352,'Loisir',1,0,0,0,0,0,0,'Salles de Sports Buffault',24,'Rue Buffault',9),(140353,'Compétition',1,0,0,0,0,0,0,'Salles de Sports Buffault',24,'Rue Buffault',9),(140354,'Loisir',1,0,0,0,0,0,0,'Salles de Sports Buffault',24,'Rue Buffault',9),(140355,'Loisir',1,0,0,0,0,0,0,'Salles de Sports Buffault',24,'Rue Buffault',9),(140356,'Loisir',1,1,1,1,1,1,1,'Piscine Municipale Georges Drigny',18,'Rue Bochart de Saron',9),(140357,'Compétition',1,0,0,0,0,0,0,'College Paul Gauguin',33,'Rue Milton',9),(140359,'Loisir',1,0,0,0,0,0,0,'Salles de Sports Tour D\'Auvergne',15,'Rue de La Tour D\'Auvergne',9),(140362,'Compétition',1,0,0,0,0,0,0,'Centre Sportif Valeyre',24,'Rue de Rochechouart',9),(140364,'Loisir',1,0,0,0,0,0,0,'Centre Sportif Valeyre',24,'Rue de Rochechouart',9),(140365,'Loisir',0,0,0,0,0,0,0,'Espace Fontaine',9,'Rue Fromontant',9),(140366,'Loisir',0,0,0,0,0,0,0,'Sncf',23,'Rue de Londres',9),(140367,'Loisir',0,0,0,0,0,0,0,'Sncf',23,'Rue de Londres',9),(140369,'Loisir',0,0,0,0,0,0,0,'Billard Club Clichy Montmartre',84,'Rue de Clichy',9),(140374,'Loisir',0,0,0,0,0,0,0,'Union Chretienne Des Jeunes Gens',14,'Rue de Trevise',9),(140376,'Loisir',0,0,0,0,0,0,0,'Ecole Jacques Bense',177,'Rue Faufourg Poissonniere',9),(140378,'Loisir',0,0,0,0,0,0,0,'Ecole Jacques Bense',177,'Rue Faufourg Poissonniere',9),(140380,'Loisir',0,0,0,0,0,0,0,'Centre Anima - Gym Douce',31,'Rue de Maubeuge',9),(140382,'Loisir',0,0,0,0,0,0,0,'Academie Chaptal',7,'Rue Chaptal',9),(140383,'Loisir',1,0,0,0,0,0,0,'Centre D\'Animation Valeyre',24,'Rue de Rochechouart',9),(140384,'Loisir',1,0,0,0,0,0,0,'Centre D\'Animation Valeyre',24,'Rue de Rochechouart',9),(140387,'Loisir',0,0,0,0,0,0,0,'Les Cercles de La Forme Saint-Lazare',94,'Rue Saint Lazare',9),(140389,'Loisir',0,0,0,0,0,0,0,'Les Cercles de La Forme Saint-Lazare',94,'Rue Saint Lazare',9),(140394,'Loisir',1,0,0,1,0,0,1,'Lycee Jules Ferry',77,'Boulevard de Clichy',9),(140395,'Compétition',1,0,0,1,0,0,1,'Lycee Jules Ferry',77,'Boulevard de Clichy',9),(140396,'Loisir',1,0,0,1,0,0,1,'Lycee Jules Ferry',77,'Boulevard de Clichy',9),(140397,'Loisir',1,0,0,1,0,0,1,'Lycee Jules Ferry',77,'Boulevard de Clichy',9),(140398,'Loisir',0,0,0,0,0,0,0,'Centre International de Danse Jazz',54,'Rue de Clichy',9),(140400,'Loisir',0,0,0,0,0,0,0,'Centre International de Danse Jazz',54,'Rue de Clichy',9),(140402,'Loisir',0,0,0,0,0,0,0,'Centre International de Danse Jazz',54,'Rue de Clichy',9),(140404,'Loisir',0,0,0,0,0,0,0,'Lycee Condorcet',8,'Rue Du Havre',9),(140406,'Loisir',0,0,0,0,0,0,0,'Lycee Condorcet',8,'Rue Du Havre',9),(140410,'Loisir',0,0,0,0,0,0,0,'Cite Scolaire Lamartine',121,'Rue Du Faubourg Poissonniere',9),(140411,'Loisir',0,0,0,0,0,0,0,'Cite Scolaire Lamartine',121,'Rue Du Faubourg Poissonniere',9),(140412,'Loisir',0,0,0,0,0,0,0,'Lycee Jacques Decour',12,'Avenue Trudaine',9),(140418,'Loisir',0,0,0,0,0,0,0,'Salle Asptt Paris \"Chaudron\"',22,'Rue Chaudron',10),(140422,'Loisir',1,1,1,1,0,1,1,'Cmg Sport Club Republique',2,'Rue Faubourg Du Temple',10),(140423,'Loisir',1,1,1,1,1,1,1,'Cmg Sport Club Republique',2,'Rue Faubourg Du Temple',10),(140424,'Loisir',1,1,1,1,0,1,1,'Cmg Sport Club Republique',2,'Rue Faubourg Du Temple',10),(140425,'Loisir',1,1,1,1,0,1,1,'Gymnase Buisson Saint Louis',2,'Rue Du Buisson Saint Louis',10),(140426,'Compétition',1,0,0,0,0,0,0,'Gymnase Château Landon',46,'Rue Du Château Landon',10),(140427,'Compétition',0,0,0,0,1,0,0,'Piscine Château Landon',31,'Rue Du Château Landon',10),(140428,'Compétition',0,0,0,0,1,0,0,'Piscine Château Landon',31,'Rue Du Château Landon',10),(140429,'Loisir',1,0,0,1,0,0,1,'Centre Sportif de La Grange Aux Belles',17,'Rue Boy Zelenski',10),(140431,'Loisir',0,0,0,1,0,0,1,'Centre Sportif de La Grange Aux Belles',17,'Rue Boy Zelenski',10),(140435,'Loisir',1,1,1,1,0,1,1,'Centre Sportif de La Grange Aux Belles',17,'Rue Boy Zelenski',10),(140437,'Loisir',1,1,1,1,0,1,1,'Centre Sportif Jean Verdier',11,'Rue de Lancry',10),(140438,'Loisir',1,0,0,1,0,0,1,'Gymnase Jemmapes',116,'Quai de Jemmapes',10),(140439,'Compétition',0,0,0,0,0,0,0,'Tep La Fayette',247,'Rue La Fayette',10),(140441,'Loisir',1,1,1,1,1,1,1,'Centre Sportif Parmentier',155,'Avenue Parmentier',10),(140443,'Compétition',1,0,1,1,0,1,1,'Tep Verdun',18,'Avenue de Verdun',10),(140444,'Compétition',1,0,0,0,0,0,0,'Club Lafayette',27,'Rue Des Petits Hotels',10),(140446,'Loisir',0,0,0,0,0,0,0,'Club Lafayette',27,'Rue Des Petits Hotels',10),(140447,'Loisir',0,0,0,0,0,0,1,'Les Temps Du Corps',10,'Rue de L\'Echiquier',10),(140448,'Loisir',0,0,0,0,0,0,1,'Les Temps Du Corps',10,'Rue de L\'Echiquier',10),(140451,'Loisir',0,0,0,0,0,0,0,'Ecole de Danse de Paris',17,'Rue Du Faubourg Du Temple',10),(140452,'Loisir',0,0,0,0,0,0,0,'Ecole de Danse de Paris',17,'Rue Du Faubourg Du Temple',10),(140453,'Loisir',1,0,0,0,0,0,0,'Espace En Mouvement',46,'Boulevard de Magenta',10),(140458,'Loisir',0,0,0,0,0,0,0,'Lycee Colbert',27,'Rue Du Château Landon',10),(140461,'Loisir',0,0,0,0,0,0,0,'Centre D\'Animation Château Landon',31,'Rue Du Chateau Landon',10),(140464,'Loisir',1,0,0,1,0,0,1,'Centre D\'Animation Jemmapes',116,'Quai de Jemmapes',10),(140465,'Loisir',1,0,0,1,0,0,1,'Centre D\'Animation Jemmapes',116,'Quai de Jemmapes',10),(140466,'Loisir',1,0,0,1,0,0,1,'Centre D\'Animation Jemmapes',116,'Quai de Jemmapes',10),(140468,'Loisir',1,1,1,1,0,1,1,'Centre D\'Animation La Grange Aux Belles',55,'Rue de La Grange Aux Belles',10),(140469,'Loisir',1,1,1,1,0,1,1,'Centre D\'Animation La Grange Aux Belles',55,'Rue de La Grange Aux Belles',10),(140470,'Loisir',1,0,0,1,0,0,1,'Centre D\'Animation Jean Verdier',11,'Rue de Lancry',10),(140471,'Loisir',1,0,0,1,0,0,1,'Centre D\'Animation Jean Verdier',11,'Rue de Lancry',10),(140474,'Loisir',1,0,0,0,0,0,0,'Jardin Villemin',6,'Avenue de Verdun',10),(140480,'Loisir',0,0,0,0,0,0,0,'Club Sportif Et Des Loisirs Nouvelle France (Caserne Nouvelle France )',82,'Rue Du Faubourg Poissonniere',10),(140482,'Loisir',0,0,0,0,0,0,0,'Club Sportif Et Des Loisirs Nouvelle France (Caserne Nouvelle France )',82,'Rue Du Faubourg Poissonniere',10),(140484,'Loisir',0,0,0,0,0,0,0,'Hopital Saint Louis',1,'Avenue Claude Vellefau',10),(140488,'Compétition',0,0,0,1,0,0,1,'Centre Sportif Candie',11,'Rue Candie',11),(140489,'Loisir',0,0,0,1,0,0,1,'Centre Sportif Candie',11,'Rue Candie',11),(140490,'Loisir',1,0,0,1,0,0,1,'Centre Sportif Candie',11,'Rue Candie',11),(140491,'Loisir',0,0,0,0,0,0,0,'Tep Bullourde',43016,'Passage Bullourde',11),(140493,'Compétition',1,0,0,1,0,0,1,'Tep Philippe Auguste',108,'Avenue Philippe Auguste',11),(140495,'Loisir',1,0,0,1,0,0,1,'Tep Philippe Auguste',108,'Avenue Philippe Auguste',11),(140496,'Compétition',1,0,0,0,0,0,0,'Centre Sportif Philippe Auguste',68,'Avenue Philippe Auguste',11),(140497,'Loisir',1,0,0,0,0,0,0,'Centre Sportif Philippe Auguste',68,'Avenue Philippe Auguste',11),(140500,'Loisir',1,1,1,1,0,1,1,'Centre Sportif de La Cour Des Lions',43048,'Rue Alphonse Baudin',11),(140514,'Loisir',0,0,0,0,0,0,0,'Studio Harmonic',5,'Passage Des Taillandiers',11),(140515,'Loisir',0,0,0,0,0,0,0,'Studio Harmonic',5,'Passage Des Taillandiers',11),(140516,'Loisir',0,0,0,0,0,0,0,'Studio Harmonic',5,'Passage Des Taillandiers',11),(140518,'Loisir',0,0,0,0,0,0,0,'Studio Harmonic',5,'Passage Des Taillandiers',11),(140519,'Loisir',0,0,0,0,0,0,0,'Studio Harmonic',5,'Passage Des Taillandiers',11),(140522,'Loisir',0,0,0,0,0,0,0,'Kajyn',13,'Rue Faidherbe',11),(140523,'Loisir',1,0,0,0,0,0,0,'Kajyn',13,'Rue Faidherbe',11),(140524,'Loisir',0,0,0,0,0,0,0,'Kajyn',13,'Rue Faidherbe',11),(140525,'Loisir',0,0,0,0,0,0,0,'Kajyn',13,'Rue Faidherbe',11),(140526,'Loisir',0,0,0,0,0,0,0,'Kajyn',13,'Rue Faidherbe',11),(140528,'Loisir',0,0,0,0,0,0,0,'Theatre de La Danse',77,'Rue de Charonne',11),(140532,'Loisir',0,0,0,0,0,0,0,'Les Cercles de La Forme Republique',11,'Rue de Malte',11),(140533,'Loisir',0,0,0,0,0,0,0,'Les Cercles de La Forme Republique',11,'Rue de Malte',11),(140542,'Compétition',0,0,0,0,0,0,0,'Eunomia Club Voltaire',52,'Passage Du Bureau',11),(140543,'Loisir',0,0,0,0,0,0,0,'Studio Keller',1,'Rue Keller',11),(140544,'Loisir',0,0,0,0,0,0,0,'Collège Alain Fournier',87,'Rue Leon Frot',11),(140545,'Compétition',0,0,0,0,0,0,0,'Collège Alain Fournier',87,'Rue Leon Frot',11),(140546,'Compétition',0,0,0,0,0,0,0,'Collège Alain Fournier',87,'Rue Leon Frot',11),(140547,'Loisir',0,0,0,0,0,0,0,'Collège Alain Fournier',87,'Rue Leon Frot',11),(140548,'Loisir',0,0,0,0,0,0,0,'Tep Emile Lepeu',40,'Rue Emile Lepeu',11),(140549,'Loisir',0,0,0,0,0,0,0,'Tep Emile Lepeu',40,'Rue Emile Lepeu',11),(140550,'Loisir',1,0,0,1,0,0,1,'Gymnase de La Fontaine Au Roi',100,'Rue de La Fontaine Au Roi',11),(140551,'Loisir',1,0,0,1,0,0,1,'Centre Sportif Georges Rigal',115,'Boulevard de Charonne',11),(140552,'Loisir',1,0,0,1,0,0,1,'Centre Sportif Georges Rigal',115,'Boulevard de Charonne',11),(140553,'Loisir',1,0,0,1,1,0,1,'Centre Sportif Georges Rigal',115,'Boulevard de Charonne',11),(140554,'Compétition',1,0,0,1,0,0,1,'Centre Sportif Georges Rigal',115,'Boulevard de Charonne',11),(140555,'Loisir',1,0,0,1,0,0,1,'Gymnase Japy',2,'Rue Japy',11),(140556,'Loisir',0,0,0,1,0,0,1,'Gymnase Japy',2,'Rue Japy',11),(140557,'Loisir',1,0,0,0,0,0,0,'Boulodrome de Menilmontant',51,'Boulevard de Menilmontant',11),(140559,'Compétition',1,0,0,0,0,0,0,'Tep de Menilmontant',49,'Boulevard de Menilmontant',11),(140562,'Loisir',1,0,0,0,0,0,0,'Tep de Menilmontant',49,'Boulevard de Menilmontant',11),(140563,'Loisir',1,0,0,0,0,0,0,'Tep de Menilmontant',49,'Boulevard de Menilmontant',11),(140565,'Loisir',0,0,0,0,0,0,0,'Boulodrome Saint Bernard',19,'Rue Saint Bernard',11),(140566,'Loisir',0,0,0,0,0,0,0,'Boulodrome Charriere',42827,'Rue Charriere',11),(140567,'Compétition',1,0,0,1,0,0,1,'Tep Thiere',9,'Passage Thiere',11),(140568,'Compétition',1,0,0,1,0,0,1,'Tep Thiere',9,'Passage Thiere',11),(140569,'Loisir',0,0,0,0,0,0,0,'Apsap - Vp',12,'Cour Debille',11),(140574,'Loisir',0,0,0,0,0,0,0,'Lycee Turquetil',18,'Passage de Turquetil',11),(140575,'Compétition',0,0,0,0,0,0,0,'Lycee Turquetil',18,'Passage de Turquetil',11),(140576,'Loisir',1,0,0,0,0,0,0,'Ecole Charles Peguy',80,'Avenue Parmentier',11),(140578,'Loisir',1,0,0,0,0,0,0,'Ecole Charles Peguy',80,'Avenue Parmentier',11),(140579,'Loisir',1,0,0,1,0,0,0,'Annexe Ecole Charles Peguy',64,'Rue Saint Maur',11),(140581,'Loisir',0,0,0,0,0,0,0,'Annexe Ecole Charles Peguy',64,'Rue Saint Maur',11),(140582,'Loisir',0,0,0,0,0,0,0,'Centre D\'Animation Mercoeur',4,'Rue Mercoeur',11),(140583,'Loisir',0,0,0,0,0,0,0,'Centre D\'Animation Mercoeur',4,'Rue Mercoeur',11),(140584,'Loisir',1,0,0,1,0,0,0,'Groupe Scolaire Saint Ambroise',16,'Rue Lechevin',11),(140587,'Compétition',1,0,0,0,0,0,0,'Square Du Bataclan',55,'Boulevard Richard Lenoir',11),(140595,'Compétition',0,0,0,0,0,0,0,'Jardin Charonne',156,'Rue de Charonne',11),(140599,'Loisir',1,0,0,0,0,0,0,'Jardin Des Jardiniers',4,'Impasse Des Jardiniers',11),(140602,'Loisir',0,0,0,0,0,0,0,'College Pilatre de Rozier',11,'Rue Bouvier',11),(140603,'Loisir',1,0,0,0,0,0,0,'College Anne Franck',38,'Rue Trousseau',11),(140604,'Compétition',1,0,0,0,0,0,0,'College Anne Franck',38,'Rue Trousseau',11),(140605,'Loisir',1,0,0,0,0,0,0,'College Beaumarchais',126,'Rue Amelot',11),(140607,'Loisir',0,0,0,0,0,0,0,'Cite Scolaire Voltaire',101,'Avenue de La Republique',11),(140608,'Loisir',0,0,0,0,0,0,0,'Cite Scolaire Voltaire',101,'Avenue de La Republique',11),(140609,'Loisir',0,0,0,0,0,0,0,'Cite Scolaire Voltaire',101,'Avenue de La Republique',11),(140610,'Loisir',0,0,0,0,0,0,0,'Cite Scolaire Voltaire',101,'Avenue de La Republique',11),(140611,'Compétition',0,0,0,0,0,0,0,'Cite Scolaire Voltaire',101,'Avenue de La Republique',11),(140612,'Loisir',0,0,0,0,0,0,0,'Cite Scolaire Voltaire',101,'Avenue de La Republique',11),(140613,'Loisir',0,0,0,0,0,0,0,'Cite Scolaire Voltaire',101,'Avenue de La Republique',11),(140614,'Loisir',0,0,0,0,1,0,0,'Espace Form Oberkampf',160,'Rue Oberkampf',11),(140617,'Loisir',0,0,0,0,0,0,0,'Gymnase Bercy A.S.P.T.T',242,'Rue de Bercy',12),(140619,'Loisir',0,0,0,0,0,0,0,'Cmg Sport Club Nation',16,'Rue Des Colonnes Du Trone',12),(140620,'Loisir',0,0,0,0,0,0,0,'Cmg Sport Club Nation',16,'Rue Des Colonnes Du Trone',12),(140621,'Loisir',0,0,0,0,0,0,0,'Cmg Sport Club Nation',16,'Rue Des Colonnes Du Trone',12),(140622,'Loisir',0,0,0,0,0,0,0,'Cmg Sport Club Nation',16,'Rue Des Colonnes Du Trone',12),(140623,'Loisir',0,0,0,0,1,0,0,'Cmg Sport Club Nation',16,'Rue Des Colonnes Du Trone',12),(140624,'Loisir',1,1,1,1,0,1,1,'Cmg Sport Club Waou Bercy',45,'Rue Des Pirogues de Bercy',12),(140626,'Loisir',1,1,1,1,0,1,1,'Cmg Sport Club Waou Bercy',45,'Rue Des Pirogues de Bercy',12),(140627,'Loisir',1,1,1,1,0,1,1,'Cmg Sport Club Waou Bercy',45,'Rue Des Pirogues de Bercy',12),(140628,'Loisir',1,1,1,1,0,1,1,'Cmg Sport Club Waou Bercy',45,'Rue Des Pirogues de Bercy',12),(140629,'Loisir',1,0,0,0,0,0,0,'Centre Sportif Paul Valéry',15,'Rue de La Nouvelle Caledonie',12),(140630,'Loisir',1,0,0,0,0,0,0,'Centre Sportif Paul Valéry',15,'Rue de La Nouvelle Caledonie',12),(140631,'Compétition',1,0,0,0,0,0,0,'Centre Sportif Paul Valéry',15,'Rue de La Nouvelle Caledonie',12),(140633,'Compétition',1,0,0,0,0,0,0,'Centre Sportif Paul Valéry',15,'Rue de La Nouvelle Caledonie',12),(140634,'Loisir',1,0,0,0,0,0,0,'Centre Sportif Paul Valéry',15,'Rue de La Nouvelle Caledonie',12),(140635,'Compétition',1,0,0,0,0,0,0,'Centre Sportif Paul Valéry',15,'Rue de La Nouvelle Caledonie',12),(140636,'Loisir',1,0,0,0,0,0,0,'Centre Sportif Paul Valéry',15,'Rue de La Nouvelle Caledonie',12),(140637,'Loisir',1,0,0,0,0,0,0,'Centre Sportif Paul Valéry',15,'Rue de La Nouvelle Caledonie',12),(140638,'Loisir',1,0,0,0,0,0,0,'Centre Sportif Paul Valéry',15,'Rue de La Nouvelle Caledonie',12),(140648,'Loisir',1,0,0,1,0,0,1,'Centre Sportif Leo Lagrange',68,'Boulevard Poniatowski',12),(140649,'Compétition',1,0,0,1,0,0,1,'Centre Sportif Leo Lagrange',68,'Boulevard Poniatowski',12),(140650,'Loisir',1,0,0,1,0,0,1,'Centre Sportif Leo Lagrange',68,'Boulevard Poniatowski',12),(140651,'Loisir',0,0,0,0,0,0,0,'Centre Sportif Leo Lagrange',68,'Boulevard Poniatowski',12),(140653,'Compétition',0,0,0,0,0,0,0,'Centre Sportif Leo Lagrange',68,'Boulevard Poniatowski',12),(140654,'Loisir',0,0,0,0,0,0,0,'Centre Sportif Leo Lagrange',68,'Boulevard Poniatowski',12),(140655,'Loisir',0,0,0,0,0,0,0,'Centre Sportif Leo Lagrange',68,'Boulevard Poniatowski',12),(140656,'Loisir',0,0,0,0,0,0,0,'Centre Sportif Leo Lagrange',68,'Boulevard Poniatowski',12),(140657,'Loisir',0,0,0,0,0,0,0,'Centre Sportif Leo Lagrange',68,'Boulevard Poniatowski',12),(140658,'Loisir',0,0,0,0,0,0,0,'Centre Sportif Carnot',26,'Boulevard Carnot',12),(140659,'Loisir',0,0,0,0,0,0,0,'Centre Sportif Carnot',26,'Boulevard Carnot',12),(140660,'Compétition',0,0,0,0,0,0,0,'Centre Sportif Carnot',26,'Boulevard Carnot',12),(140661,'Loisir',0,0,0,0,0,0,0,'Centre Sportif Carnot',26,'Boulevard Carnot',12),(140662,'Loisir',0,0,0,0,0,0,0,'Centre Sportif Carnot',26,'Boulevard Carnot',12),(140663,'Loisir',0,0,0,0,0,0,0,'Centre Sportif Carnot',26,'Boulevard Carnot',12),(140664,'Loisir',1,0,0,1,0,0,1,'Ministere de L\'Economie Et Des Finances (Centre D\'Activites Sportives Et Culturelles )',143,'Rue de Bercy',12),(140667,'Loisir',1,0,0,1,0,0,1,'Ministere de L\'Economie Et Des Finances (Centre D\'Activites Sportives Et Culturelles )',143,'Rue de Bercy',12),(140669,'Loisir',0,0,0,0,0,0,0,'Ecole de Danse Burdon',135,'Boulevard Diderot',12),(140673,'Loisir',0,0,0,0,0,0,0,'Lapebie Pierre',20,'Rue Saint Nicolas',12),(140674,'Compétition',0,0,0,0,0,0,0,'Eurl Danse Connexion',8,'Mousset Robert',12),(140675,'Loisir',0,0,0,0,0,0,0,'Eurl Danse Connexion',8,'Mousset Robert',12),(140682,'Compétition',1,0,0,1,0,0,1,'Accorhotels Arena',8,'Boulevard de Bercy',12),(140683,'Compétition',1,0,0,1,0,0,1,'Accorhotels Arena',8,'Boulevard de Bercy',12),(140684,'Loisir',1,0,0,1,0,0,1,'Ecole de Danse Anne Marie Durand',107,'Rue de Reuilly',12),(140685,'Loisir',0,0,0,1,0,0,1,'Les Cercles de La Forme Diderot',164,'Boulevard Diderot',12),(140687,'Loisir',0,0,0,1,0,0,1,'Les Cercles de La Forme Diderot',164,'Boulevard Diderot',12),(140688,'Loisir',0,0,0,1,0,0,1,'Les Cercles de La Forme Diderot',164,'Boulevard Diderot',12),(140689,'Loisir',0,0,0,0,0,0,0,'Fitness Price',16,'Rue Louis Braille',12),(140690,'Loisir',0,0,0,0,0,0,0,'Fitness Price',16,'Rue Louis Braille',12),(140691,'Loisir',0,0,0,0,0,0,0,'Fitness Price',16,'Rue Louis Braille',12),(140692,'Loisir',1,0,0,0,0,0,1,'Billard Club Nation - Shoot Again',28,'Rue Du Rendez Vous',12),(140693,'Compétition',1,0,0,0,0,0,0,'Nihon Dojo',207,'Rue de Charenton',12),(140698,'Loisir',0,0,0,0,0,0,0,'Tep Cotte',6,'Rue Cotte',12),(140701,'Compétition',0,0,0,0,0,0,0,'Stade Velodrome Jacques Anquetil',49,'Avenue de Gravelle',12),(140702,'Compétition',0,0,0,0,0,0,0,'Stade Velodrome Jacques Anquetil',49,'Avenue de Gravelle',12),(140703,'Compétition',0,0,0,0,0,0,0,'Centre Sportif La Lancette',29,'Rue de La Lancette',12),(140705,'Compétition',0,0,0,0,0,0,0,'Centre Sportif La Lancette',29,'Rue de La Lancette',12),(140706,'Compétition',1,0,0,0,0,0,0,'Centre Sportif Léon Mottot',17,'Cite Moynet',12),(140708,'Loisir',0,0,0,0,0,0,0,'Centre Sportif Léon Mottot',17,'Cite Moynet',12),(140709,'Loisir',1,0,0,0,0,0,0,'Centre Sportif Léon Mottot',17,'Cite Moynet',12),(140710,'Loisir',0,0,0,0,0,0,0,'Centre Sportif Léon Mottot',17,'Cite Moynet',12),(140713,'Loisir',1,0,0,1,0,0,1,'Tep Louis Braille',24,'Rue Louis Braille',12),(140715,'Loisir',0,0,0,1,0,0,1,'Tep Louis Braille',24,'Rue Louis Braille',12),(140727,'Loisir',0,0,0,0,0,0,0,'Centre Sportif Picpus',56,'Rue de Picpus',12),(140729,'Loisir',0,0,0,0,0,0,0,'Centre Sportif Picpus',56,'Rue de Picpus',12),(140730,'Compétition',0,0,0,0,0,0,0,'Plaine de Jeux Polygone',1,'Route de La Faluere',12),(140732,'Loisir',0,0,0,0,0,0,0,'Plaine de Jeux Polygone',1,'Route de La Faluere',12),(140733,'Loisir',0,0,0,0,0,0,0,'Plaine de Jeux Polygone',1,'Route de La Faluere',12),(140734,'Compétition',0,0,0,0,0,0,0,'Plaine de Jeux Polygone',1,'Route de La Faluere',12),(140738,'Loisir',0,0,0,0,0,0,0,'Plaine de Jeux Polygone',1,'Route de La Faluere',12),(140741,'Loisir',1,1,1,1,0,1,1,'Piscine Jean Boiteux',13,'Rue Antoine Julien Henard',12),(140742,'Compétition',1,0,0,1,0,0,1,'College Sainte Clotilde',103,'Rue de Reuilly',12),(140743,'Loisir',1,0,0,1,0,0,1,'College Sainte Clotilde',103,'Rue de Reuilly',12),(140744,'Loisir',1,0,0,1,0,0,1,'College Sainte Clotilde',103,'Rue de Reuilly',12),(140745,'Loisir',1,0,0,1,0,0,1,'College Sainte Clotilde',103,'Rue de Reuilly',12),(140746,'Loisir',1,0,0,1,0,0,1,'College Sainte Clotilde',103,'Rue de Reuilly',12),(140747,'Compétition',1,0,0,1,0,0,1,'College Sainte Clotilde',103,'Rue de Reuilly',12),(140749,'Loisir',1,0,0,0,0,0,1,'Centre Equestre de La Cartoucherie',1,'Route Du Champ de Manoeuvres',12),(140750,'Compétition',1,0,0,0,0,0,1,'Centre Equestre de La Cartoucherie',1,'Route Du Champ de Manoeuvres',12),(140751,'Loisir',1,0,0,0,0,0,1,'Centre Equestre de La Cartoucherie',1,'Route Du Champ de Manoeuvres',12),(140767,'Compétition',0,0,0,0,0,0,0,'Stade Jean Pierre Garcherie',12,'Avenue Des Canadiens',12),(140768,'Compétition',0,0,0,0,0,0,0,'Stade Jean Pierre Garcherie',12,'Avenue Des Canadiens',12),(140769,'Loisir',1,0,0,0,0,0,0,'Stade Jean Pierre Garcherie',12,'Avenue Des Canadiens',12),(140770,'Loisir',0,0,0,0,0,0,0,'Stade Jean Pierre Garcherie',12,'Avenue Des Canadiens',12),(140771,'Compétition',0,0,0,0,0,0,0,'Stade Jean Pierre Garcherie',12,'Avenue Des Canadiens',12),(140773,'Compétition',0,0,0,0,0,0,0,'Stade Jean Pierre Garcherie',12,'Avenue Des Canadiens',12),(140774,'Compétition',1,0,0,0,0,0,0,'Stade Jean Pierre Garcherie',12,'Avenue Des Canadiens',12),(140779,'Loisir',0,0,0,1,1,0,1,'Piscine Roger Le Gall',34,'Boulevard Carnot',12),(140780,'Loisir',0,0,0,0,0,0,0,'Piscine Roger Le Gall',34,'Boulevard Carnot',12),(140781,'Loisir',0,0,0,0,1,0,0,'Piscine Roger Le Gall',34,'Boulevard Carnot',12),(140782,'Loisir',0,0,0,0,0,0,0,'Stade Arnold Netter',77,'Avenue Du Docteur Arnold Netter',12),(140783,'Loisir',0,0,0,0,0,0,0,'Stade Arnold Netter',77,'Avenue Du Docteur Arnold Netter',12),(140784,'Loisir',0,0,0,0,0,0,0,'Stade Arnold Netter',77,'Avenue Du Docteur Arnold Netter',12),(140785,'Loisir',0,0,0,0,0,0,0,'Stade Arnold Netter',77,'Avenue Du Docteur Arnold Netter',12),(140786,'Loisir',0,0,0,0,0,0,0,'Stade Arnold Netter',77,'Avenue Du Docteur Arnold Netter',12),(140787,'Loisir',0,0,0,0,0,0,0,'Court Couvert de Reuilly',16,'Boulevard de Reuilly',12),(140797,'Loisir',1,0,0,1,0,0,1,'Insep',11,'Avenue Du Tremblay',12),(140798,'Loisir',1,0,0,1,0,0,1,'Insep',11,'Avenue Du Tremblay',12),(140802,'Compétition',1,0,0,1,0,0,1,'Insep',11,'Avenue Du Tremblay',12),(140803,'Compétition',1,0,0,1,0,0,1,'Insep',11,'Avenue Du Tremblay',12),(140804,'Loisir',1,0,0,1,0,0,1,'Insep',11,'Avenue Du Tremblay',12),(140805,'Loisir',1,0,0,1,0,0,1,'Insep',11,'Avenue Du Tremblay',12),(140815,'Compétition',1,0,0,1,0,0,1,'Insep',11,'Avenue Du Tremblay',12),(140820,'Loisir',1,0,0,1,0,0,1,'Insep',11,'Avenue Du Tremblay',12),(140821,'Loisir',1,0,0,1,0,0,1,'Insep',11,'Avenue Du Tremblay',12),(140826,'Compétition',1,0,0,1,0,0,1,'Insep',11,'Avenue Du Tremblay',12),(140827,'Loisir',1,0,0,1,0,0,1,'Insep',11,'Avenue Du Tremblay',12),(140832,'Loisir',1,0,0,1,0,0,1,'Insep',11,'Avenue Du Tremblay',12),(140844,'Loisir',0,0,0,0,0,0,0,'Square Saint Eloi',42736,'Rue Du Colonel Rozanoff',12),(140857,'Loisir',1,0,0,0,0,0,1,'Centre D\'Animation Maurice Ravel',6,'Avenue Maurice Ravel',12),(140858,'Loisir',0,0,0,0,0,0,0,'Centre D\'Animation Maurice Ravel',6,'Avenue Maurice Ravel',12),(140859,'Compétition',0,0,0,0,0,0,0,'Centre D\'Animation Maurice Ravel',6,'Avenue Maurice Ravel',12),(140860,'Loisir',1,0,0,0,0,0,1,'Centre D\'Animation Maurice Ravel',6,'Avenue Maurice Ravel',12),(140861,'Compétition',1,0,0,1,0,0,1,'Centre D\'Animation Reuilly',19,'Rue Antoine Julien Henard',12),(140864,'Loisir',0,0,0,1,0,0,1,'Paris Anim\' Bercy',51,'Rue Francois Truffaut',12),(140865,'Loisir',1,0,0,1,0,0,1,'Centre D\'Animation Villiot-Rapee',36,'Quai de La Rapee',12),(140866,'Compétition',0,0,0,0,0,0,0,'Ecole Eugene Napoleon',254,'Rue Du Faubourg Saint Antoine',12),(140867,'Loisir',0,0,0,0,0,0,0,'Ecole Eugene Napoleon',254,'Rue Du Faubourg Saint Antoine',12),(140868,'Loisir',0,0,0,0,0,0,0,'Ecole Eugene Napoleon',254,'Rue Du Faubourg Saint Antoine',12),(140870,'Compétition',0,0,0,0,0,0,0,'Lycee Arago',4,'Place de La Nation',12),(140871,'Compétition',1,0,0,1,0,0,0,'Institut Saint Pierre Fourier',13,'Rue de Prague',12),(140872,'Loisir',0,0,0,0,0,0,0,'College Georges Courteline',48,'Avenue Docteur Arnold Netter',12),(140873,'Loisir',0,0,0,0,0,0,0,'College Georges Courteline',48,'Avenue Docteur Arnold Netter',12),(140874,'Loisir',0,0,0,0,0,0,0,'College Georges Courteline',48,'Avenue Docteur Arnold Netter',12),(140876,'Compétition',0,0,0,0,0,0,0,'College Georges Courteline',48,'Avenue Docteur Arnold Netter',12),(140877,'Loisir',1,0,0,0,0,0,1,'Ensemble Scolaire Saint Michel de Picpus',53,'Rue de La Gare de Reuilly',12),(140878,'Loisir',0,0,0,0,0,0,0,'Ensemble Scolaire Saint Michel de Picpus',53,'Rue de La Gare de Reuilly',12),(140880,'Compétition',1,0,0,0,0,0,1,'College Lycee Georges Leven',30,'Boulevard Carnot',12),(140881,'Loisir',1,0,0,0,0,0,0,'College Paul Verlaine (Annexe)',14,'Rue Charles Baudelaire',12),(140882,'Compétition',1,0,0,0,0,0,0,'College Paul Verlaine',167,'Rue de Bercy',12),(140883,'Compétition',1,0,0,0,0,0,0,'College Paul Verlaine',167,'Rue de Bercy',12),(140892,'Compétition',1,0,0,0,0,0,1,'Association Le Chantier',24,'Rue Antoine Julien Henard',12),(140897,'Loisir',0,0,0,1,0,0,1,'Cmg Sport Club One Italie',14,'Rue Vandrezanne',13),(140898,'Loisir',0,0,0,1,0,0,1,'Cmg Sport Club One Italie',14,'Rue Vandrezanne',13),(140900,'Loisir',0,0,0,1,0,0,1,'Cmg Sport Club One Italie',14,'Rue Vandrezanne',13),(140901,'Loisir',0,0,0,1,1,0,1,'Cmg Sport Club One Italie',14,'Rue Vandrezanne',13),(140903,'Loisir',1,0,0,0,0,0,0,'Club Tir 1000 Jeanne D\'Arc',90,'Rue Jeanne D\'Arc',13),(140904,'Loisir',1,0,0,0,0,0,0,'Club Tir 1000 Jeanne D\'Arc',90,'Rue Jeanne D\'Arc',13),(140905,'Loisir',0,0,0,0,0,0,0,'Studio de La Butte Aux Cailles',15,'Rue Des Cinq Diamants',13),(140906,'Loisir',0,0,0,0,0,0,0,'Club M Rive Gauche',87,'Boulevard Vincent Auriol',13),(140907,'Loisir',0,0,0,0,0,0,0,'Club M Rive Gauche',87,'Boulevard Vincent Auriol',13),(140910,'Loisir',1,0,0,1,0,0,1,'Stade Charlety',99,'Boulevard Kellermann',13),(140911,'Compétition',1,0,0,1,0,0,1,'Stade Charlety',99,'Boulevard Kellermann',13),(140913,'Loisir',1,0,0,1,0,0,1,'Stade Charlety',99,'Boulevard Kellermann',13),(140914,'Loisir',1,0,0,1,0,0,1,'Stade Charlety',99,'Boulevard Kellermann',13),(140917,'Loisir',0,0,0,1,0,0,1,'Stade Charlety',99,'Boulevard Kellermann',13),(140920,'Compétition',0,0,0,1,0,0,1,'Stade Charlety',99,'Boulevard Kellermann',13),(140921,'Loisir',1,0,0,1,0,0,1,'Stade Charlety',99,'Boulevard Kellermann',13),(140923,'Loisir',1,0,0,1,0,0,1,'Stade Charlety',99,'Boulevard Kellermann',13),(140924,'Compétition',1,0,0,1,0,0,1,'Stade Charlety',99,'Boulevard Kellermann',13),(140925,'Compétition',0,0,0,1,0,0,1,'Stade Charlety',99,'Boulevard Kellermann',13),(140927,'Loisir',1,0,0,0,0,0,0,'Association Foyer de Jeunes Tolbiac',234,'Rue Tolbiac',13),(140928,'Compétition',1,0,0,0,0,0,0,'Tep Des Cordelieres',35,'Rue Des Cordelieres',13),(140929,'Compétition',1,0,0,0,0,0,0,'Tep Des Cordelieres',35,'Rue Des Cordelieres',13),(140931,'Compétition',1,0,0,0,0,0,0,'Centre Sportif Poterne Des Peupliers',2,'Rue Max Jacob',13),(140934,'Compétition',1,0,0,0,0,0,1,'Centre Sportif Georges Carpentier',81,'Boulevard Massena',13),(140936,'Compétition',1,0,0,1,0,0,1,'Centre Sportif Georges Carpentier',81,'Boulevard Massena',13),(140937,'Compétition',1,0,0,1,0,0,1,'Centre Sportif Georges Carpentier',81,'Boulevard Massena',13),(140939,'Loisir',1,0,0,1,0,0,1,'Centre Sportif Georges Carpentier',81,'Boulevard Massena',13),(140941,'Compétition',1,0,0,1,0,0,1,'Centre Sportif Georges Carpentier',81,'Boulevard Massena',13),(140945,'Loisir',1,0,0,1,0,0,1,'Centre Sportif Georges Carpentier',81,'Boulevard Massena',13),(140946,'Compétition',0,0,0,1,0,0,1,'Centre Sportif Georges Carpentier',81,'Boulevard Massena',13),(140947,'Loisir',1,0,0,0,0,0,0,'Centre Sportif Dunois',70,'Rue Dunois',13),(140951,'Loisir',1,0,0,1,1,0,1,'Centre Sportif Dunois',70,'Rue Dunois',13),(140952,'Loisir',1,0,0,0,0,0,0,'Centre Sportif Château Des Rentiers',184,'Rue Du Château Des Rentiers',13),(140953,'Compétition',1,0,0,0,0,0,0,'Centre Sportif Château Des Rentiers',184,'Rue Du Château Des Rentiers',13),(140954,'Loisir',0,0,0,0,1,0,0,'Centre Sportif Château Des Rentiers',184,'Rue Du Château Des Rentiers',13),(140955,'Compétition',1,0,0,1,0,0,1,'Centre Sportif Charles Moureu',17,'Avenue Edison',13),(140956,'Loisir',1,0,0,1,0,0,1,'Centre Sportif Charles Moureu',17,'Avenue Edison',13),(140957,'Loisir',1,0,0,1,0,0,1,'Centre Sportif Charles Moureu',17,'Avenue Edison',13),(140959,'Loisir',1,0,0,1,0,0,1,'Centre Sportif Charles Moureu',17,'Avenue Edison',13),(140960,'Loisir',1,0,0,1,0,0,1,'Centre Sportif Charles Moureu',17,'Avenue Edison',13),(140964,'Loisir',1,0,0,1,0,0,1,'Centre Sportif Charles Moureu',17,'Avenue Edison',13),(140965,'Compétition',1,0,0,1,0,0,1,'Centre Sportif Charles Moureu',17,'Avenue Edison',13),(140970,'Loisir',0,0,0,0,0,0,0,'Caserne Kellermann',56,'Boulevard Kellermann',13),(140971,'Loisir',1,0,0,0,0,0,0,'Caserne Kellermann',56,'Boulevard Kellermann',13),(140977,'Compétition',1,0,0,1,0,0,1,'Salle de Tennis de Table Georges Carpentier',25,'Avenue de La Porte D\'Ivry',13),(140985,'Loisir',1,0,0,1,0,0,1,'Piscine Municipale de La Buttes Aux Cailles',5,'Place Paul Verlaine',13),(140987,'Loisir',1,0,0,1,0,0,1,'Piscine Municipale de La Buttes Aux Cailles',5,'Place Paul Verlaine',13),(140988,'Compétition',1,0,0,1,0,0,1,'Gymnase Caillaux',3,'Rue Caillaux',13),(140990,'Loisir',1,0,0,1,0,0,1,'Gymnase Caillaux',3,'Rue Caillaux',13),(140993,'Loisir',0,0,0,0,0,0,0,'Gymnase Choisy',4,'Avenue de Choisy',13),(140995,'Loisir',1,0,0,1,0,0,1,'Centre Sportif Du Docteur Bourneville Kellermann',5,'Rue Du Docteur Bourneville',13),(140999,'Loisir',1,0,0,0,0,0,0,'Tep Du Docteur Laurent',12,'Rue Du Docteur Laurent',13),(141000,'Loisir',0,0,0,1,0,0,1,'Centre Paris Anim\' Dunois',61,'Rue Dunois',13),(141003,'Loisir',0,0,0,0,0,0,1,'Centre Paris Anim\' Dunois',61,'Rue Dunois',13),(141004,'Loisir',0,0,0,0,0,0,1,'Centre Paris Anim\' Dunois',61,'Rue Dunois',13),(141006,'Loisir',1,0,0,0,0,0,0,'Tep Dunois',59,'Rue Dunois',13),(141009,'Compétition',1,0,0,0,0,0,0,'Gymnase Jean Prevost',88,'Rue de La Glaciere',13),(141011,'Loisir',1,0,0,0,0,0,0,'Tep Jenner',47,'Rue Jenner',13),(141013,'Loisir',1,0,0,1,0,0,1,'Gymnase Kellermann',110,'Boulevard Kellermann',13),(141014,'Loisir',1,0,0,1,0,0,1,'Gymnase Marcel Cerdan',5,'Rue Eugene Oudine',13),(141015,'Loisir',0,0,0,1,0,0,1,'Gymnase Marcel Cerdan',5,'Rue Eugene Oudine',13),(141016,'Loisir',1,0,0,1,0,0,1,'Gymnase Marcel Cerdan',5,'Rue Eugene Oudine',13),(141017,'Loisir',1,0,0,1,0,0,0,'Gymnase de La Pointe D\'Ivry',47,'Avenue D\'Ivry',13),(141018,'Compétition',1,0,0,0,0,0,0,'Cite Scolaire Rodin',19,'Rue Corvisart',13),(141021,'Loisir',0,0,0,0,0,0,0,'Cite Scolaire Rodin',19,'Rue Corvisart',13),(141025,'Loisir',1,0,0,0,0,0,0,'Tep Tolbiac - Baudricourt',115,'Rue de Tolbiac',13),(141028,'Loisir',0,0,0,1,0,0,1,'Bibliotheque Francois Mitterand',11,'Quai Francois-Mauriac - Tour 4160',13),(141030,'Loisir',0,0,0,1,0,0,1,'Bibliotheque Francois Mitterand',11,'Quai Francois-Mauriac - Tour 4160',13),(141031,'Loisir',0,0,0,1,0,0,1,'Bibliotheque Francois Mitterand',11,'Quai Francois-Mauriac - Tour 4160',13),(141034,'Loisir',1,0,0,0,0,0,0,'Skate Park Vincent Auriol',39,'Boulevard Vincent Auriol',13),(141035,'Loisir',1,0,0,0,0,0,0,'Complexe Sportif de Choisy',13,'Avenue de La Porte de Choisy',13),(141037,'Loisir',1,0,0,0,0,0,0,'Complexe Sportif de Choisy',13,'Avenue de La Porte de Choisy',13),(141039,'Loisir',0,0,0,0,0,0,1,'Centre D\'Animation Richet',12,'Rue Du Docteur Charles Richet',13),(141040,'Loisir',0,0,0,0,0,0,1,'Centre D\'Animation Richet',12,'Rue Du Docteur Charles Richet',13),(141066,'Loisir',0,0,0,1,0,0,1,'Centre Paris Anim\' Poterne Des Peupliers',1,'Rue Gouthiere',13),(141067,'Loisir',0,0,0,1,0,0,0,'France Budo Club',33,'Rue Daviel',13),(141068,'Loisir',0,0,0,0,0,0,0,'France Budo Club',33,'Rue Daviel',13),(141069,'Loisir',1,0,0,0,0,0,0,'Square Heloise Et Abelard',22,'Rue Pierre Gourdault',13),(141074,'Loisir',1,0,0,1,0,0,0,'Caserne Massena',3,'Rue Darmesteter',13),(141075,'Compétition',0,0,0,1,0,0,0,'Caserne Massena',3,'Rue Darmesteter',13),(141083,'Loisir',1,0,0,0,0,0,0,'Lycee Pierre-Gilles-De-Gennes',11,'Rue Pirandello',13),(141084,'Loisir',0,0,0,0,0,0,0,'Lycee Pierre-Gilles-De-Gennes',11,'Rue Pirandello',13),(141087,'Loisir',0,0,0,0,0,0,1,'Lycee Gaston Bachelard',2,'Rue Tagore',13),(141089,'Loisir',0,0,0,0,0,0,0,'College Georges Braque',95,'Rue Brillat Savarin',13),(141090,'Loisir',0,0,0,0,0,0,0,'College Georges Braque',95,'Rue Brillat Savarin',13),(141096,'Loisir',1,0,0,0,0,0,1,'College Evariste Galois',11,'Rue Du Docteur Bourneville',13),(141099,'Loisir',1,0,0,0,0,0,0,'Cite Scolaire Gabriel Faure',81,'Avenue de Choisy',13),(141102,'Loisir',1,0,0,0,0,0,0,'Cite Scolaire Gabriel Faure',81,'Avenue de Choisy',13),(141103,'Compétition',0,0,0,0,0,0,0,'Cite Scolaire Gabriel Faure',81,'Avenue de Choisy',13),(141107,'Loisir',1,0,0,1,0,0,1,'Lycee College Claude Monet',1,'Rue Du Docteur Magnan',13),(141109,'Compétition',0,0,0,0,0,0,0,'Ecole Sainte Anne Sainte Marie',109,'Rue Bobillot',13),(141110,'Loisir',1,0,0,0,0,0,0,'College Gustave Flaubert',82,'Avenue D\'Ivry',13),(141112,'Compétition',1,0,0,0,0,0,0,'College Camille Claudel',4,'Avenue de Choisy',13),(141114,'Loisir',1,0,0,0,0,0,0,'College Moulins Des Pres',18,'Rue Du Moulin Des Pres',13),(141115,'Loisir',1,0,0,0,0,0,0,'Groupe Scolaire Saint Vincent de Paul',49,'Rue Bobillot',13),(141117,'Loisir',1,0,0,1,0,0,1,'Groupe Scolaire Yabne',29,'Avenue Leon Bolle',13),(141118,'Loisir',1,0,0,1,0,0,1,'Groupe Scolaire Yabne',29,'Avenue Leon Bolle',13),(141119,'Loisir',1,0,0,0,0,0,0,'Ecole Et College Notre Dame de La Gare',20,'Rue de Domremy',13),(141120,'Loisir',1,0,0,0,0,0,0,'Ecole Et College Notre Dame de La Gare',20,'Rue de Domremy',13),(141123,'Loisir',1,0,0,1,0,0,1,'Lycee Jean Lurcat',48,'Avenue Des Gobelins',13),(141131,'Loisir',0,0,0,0,0,0,0,'Cercle Des Arts Martiaux',58,'Rue Du Couedic',14),(141133,'Loisir',0,0,0,0,0,0,0,'Association Mieux Vivre Avec Son Corps',143,'Rue D\'Alesia',14),(141134,'Loisir',0,0,0,0,0,0,0,'Centre de Danse Alesia',119,'Avenue Du General Leclerc',14),(141136,'Loisir',0,0,0,0,0,0,0,'Centre de Danse Alesia',119,'Avenue Du General Leclerc',14),(141137,'Loisir',0,0,0,0,0,0,0,'Centre de Danse Alesia',119,'Avenue Du General Leclerc',14),(141138,'Loisir',0,0,0,0,0,0,1,'Cmg Sport Club Denfert',28,'Avenue Du General Leclerc',14),(141139,'Loisir',0,0,0,0,0,0,1,'Cmg Sport Club Denfert',28,'Avenue Du General Leclerc',14),(141140,'Loisir',0,0,0,0,0,0,1,'Cmg Sport Club Denfert',28,'Avenue Du General Leclerc',14),(141141,'Loisir',0,0,0,0,0,0,1,'Cmg Sport Club Denfert',28,'Avenue Du General Leclerc',14),(141142,'Loisir',0,0,0,0,0,0,1,'Cmg Sport Club Denfert',28,'Avenue Du General Leclerc',14),(141143,'Loisir',0,0,0,1,0,0,0,'Cite Internationale Universitaire de Paris',17,'Boulevard Jourdan',14),(141144,'Compétition',1,0,0,0,0,0,0,'Cite Internationale Universitaire de Paris',17,'Boulevard Jourdan',14),(141146,'Loisir',1,0,0,0,0,0,0,'Cite Internationale Universitaire de Paris',17,'Boulevard Jourdan',14),(141148,'Compétition',0,0,0,0,0,0,0,'Cite Internationale Universitaire de Paris',17,'Boulevard Jourdan',14),(141149,'Loisir',0,0,0,0,0,0,0,'Cite Internationale Universitaire de Paris',17,'Boulevard Jourdan',14),(141150,'Loisir',1,0,0,0,0,0,0,'Cite Internationale Universitaire de Paris',17,'Boulevard Jourdan',14),(141157,'Loisir',0,0,0,0,0,0,0,'Cite Internationale Universitaire de Paris',17,'Boulevard Jourdan',14),(141158,'Loisir',1,0,0,0,0,0,0,'Cite Internationale Universitaire de Paris',17,'Boulevard Jourdan',14),(141162,'Loisir',1,0,0,0,0,0,0,'Cite Internationale Universitaire de Paris',17,'Boulevard Jourdan',14),(141163,'Loisir',0,0,0,1,0,0,1,'Cite Internationale Universitaire de Paris',17,'Boulevard Jourdan',14),(141164,'Loisir',0,0,0,1,0,0,1,'Cite Internationale Universitaire de Paris',17,'Boulevard Jourdan',14),(141165,'Compétition',1,0,0,1,0,0,1,'Cite Internationale Universitaire de Paris',17,'Boulevard Jourdan',14),(141166,'Loisir',1,0,0,0,0,0,0,'Cite Internationale Universitaire de Paris',17,'Boulevard Jourdan',14),(141168,'Loisir',0,0,0,0,0,0,0,'Cite Internationale Universitaire de Paris',17,'Boulevard Jourdan',14),(141169,'Loisir',1,0,0,0,0,0,0,'Cite Internationale Universitaire de Paris',17,'Boulevard Jourdan',14),(141171,'Loisir',0,0,0,0,0,0,0,'Asptt Paris - Espace Sportif Brune',101,'Boulevard Brune',14),(141172,'Loisir',0,0,0,0,0,0,0,'Asptt Paris - Espace Sportif Brune',101,'Boulevard Brune',14),(141174,'Loisir',0,0,0,0,0,0,0,'Club Daguerre',44,'Rue Daguerre',14),(141175,'Loisir',0,0,0,0,0,0,0,'Club Daguerre',44,'Rue Daguerre',14),(141177,'Loisir',1,0,0,1,0,0,1,'L\'Oeuvre D\'Education Populaire Et Familiale',5,'Rue Du Moulin Vert',14),(141178,'Loisir',1,0,0,1,0,0,1,'L\'Oeuvre D\'Education Populaire Et Familiale',5,'Rue Du Moulin Vert',14),(141180,'Compétition',0,0,0,1,0,0,1,'Federation Francaise de Judo',21,'Avenue de La Porte de Chatillon',14),(141181,'Loisir',0,0,0,1,0,0,1,'Federation Francaise de Judo',21,'Avenue de La Porte de Chatillon',14),(141182,'Loisir',1,0,0,0,0,0,0,'Tennis Club Plaisance',3,'Rue Des Suisses',14),(141185,'Loisir',0,0,0,0,0,0,0,'Gymnase Alesia',99,'Rue D\'Alesia',14),(141186,'Loisir',1,0,0,1,0,0,1,'Piscine Municipale Aspirant Dunand',20,'Rue Saillard',14),(141187,'Loisir',1,0,0,1,0,0,1,'Gymnase Auguste Renoir',1,'Square Auguste Renoir',14),(141192,'Loisir',1,0,0,1,1,0,0,'Piscine Municipale Didot',22,'Avenue Georges Lafenestre',14),(141194,'Loisir',0,0,0,0,0,0,0,'Centre Sportif Didot',18,'Avenue Marc Sangnier',14),(141195,'Loisir',0,0,0,0,0,0,0,'Centre Sportif Didot',18,'Avenue Marc Sangnier',14),(141197,'Compétition',1,0,0,1,0,0,1,'Centre Sportif Didot',18,'Avenue Marc Sangnier',14),(141198,'Loisir',1,0,0,0,0,0,0,'Centre Sportif Elisabeth',7,'Avenue Paul Appell',14),(141200,'Loisir',1,0,0,0,0,0,0,'Centre Sportif Elisabeth',7,'Avenue Paul Appell',14),(141203,'Loisir',1,0,0,0,0,0,0,'Centre Sportif Elisabeth',7,'Avenue Paul Appell',14),(141205,'Loisir',1,0,0,0,0,0,0,'Centre Sportif Elisabeth',7,'Avenue Paul Appell',14),(141206,'Loisir',1,0,0,0,0,0,0,'Centre Sportif Elisabeth',7,'Avenue Paul Appell',14),(141207,'Loisir',1,0,0,0,0,0,0,'Centre Sportif Elisabeth',7,'Avenue Paul Appell',14),(141208,'Loisir',1,0,0,1,0,0,1,'Centre Sportif Elisabeth',7,'Avenue Paul Appell',14),(141209,'Loisir',1,0,0,0,0,0,0,'Centre Sportif Elisabeth',7,'Avenue Paul Appell',14),(141217,'Loisir',1,0,0,1,0,0,1,'Salles de Sport Guilleminot',22,'Rue Guilleminot',14),(141218,'Loisir',0,0,0,1,0,0,1,'Salles de Sport Guilleminot',22,'Rue Guilleminot',14),(141221,'Loisir',0,0,0,0,0,0,0,'Gymnase Huyghens',10,'Rue Huyghens',14),(141222,'Compétition',0,0,0,0,0,0,0,'Gymnase Huyghens',10,'Rue Huyghens',14),(141223,'Loisir',0,0,0,0,0,0,0,'Gymnase Huyghens',10,'Rue Huyghens',14),(141224,'Compétition',1,0,0,0,0,0,0,'Centre Sportif Jules Noel',3,'Avenue Maurice D\'Ocagne',14),(141226,'Loisir',1,0,0,1,0,0,1,'Centre Sportif Jules Noel',3,'Avenue Maurice D\'Ocagne',14),(141228,'Loisir',0,0,0,0,0,0,0,'Centre Sportif Jules Noel',3,'Avenue Maurice D\'Ocagne',14),(141229,'Loisir',0,0,0,1,0,0,1,'Centre Sportif Jules Noel',3,'Avenue Maurice D\'Ocagne',14),(141230,'Loisir',1,0,0,1,0,0,1,'Centre Sportif Jules Noel',3,'Avenue Maurice D\'Ocagne',14),(141231,'Loisir',0,0,0,1,0,0,1,'Centre Sportif Jules Noel',3,'Avenue Maurice D\'Ocagne',14),(141233,'Loisir',0,0,0,0,0,0,0,'Lycee François Villon',16,'Avenue Marc Sangnier',14),(141234,'Loisir',1,0,0,0,0,0,0,'Lycee François Villon',16,'Avenue Marc Sangnier',14),(141236,'Loisir',1,0,0,0,0,0,0,'Lycee François Villon',16,'Avenue Marc Sangnier',14),(141238,'Loisir',0,0,0,0,0,0,0,'College Francois Villon',1,'Rue Maurice Nogues',14),(141240,'Loisir',0,0,0,0,0,0,0,'Academie de Danse Montparnasse',92,'Boulevard Montparnasse',14),(141242,'Loisir',0,0,0,0,0,0,0,'Cercle de La Forme Raspail',226,'Boulevard Raspail',14),(141246,'Compétition',1,0,0,0,0,0,0,'Tennis Jardin de L\'Atlantique',25,'Allee Du Capitaine Dronne',15),(141248,'Loisir',0,0,0,0,0,0,0,'Square Du Serment de Koufra',41,'Avenue Ernest Reyer',14),(141249,'Loisir',1,0,0,0,0,0,0,'Parc Montsouris',28,'Boulevard Jourdan',14),(141251,'Loisir',0,0,0,1,0,0,1,'Centre Paris Anim\' Marc Sangnier',20,'Avenue Marc Sangnier',14),(141254,'Loisir',0,0,0,1,0,0,1,'Centre Paris Anim\' Marc Sangnier',20,'Avenue Marc Sangnier',14),(141255,'Loisir',0,0,0,0,0,0,0,'Boulodrome Telegraphe',46,'Rue Du Telegraphe',20),(141256,'Loisir',1,0,0,1,1,0,1,'Bassin Ecole Vitruve',68,'Rue Vitruve',20),(141261,'Loisir',0,0,0,0,0,0,0,'Espace Oxygene (Au Niveau Du 247 Rue Des Pyrénées)',4,'Impasse Cordon Boussard',20),(141262,'Loisir',0,0,0,0,0,0,0,'Gym Studio',9,'Rue Pixerecourt',20),(141263,'Loisir',0,0,0,0,0,0,0,'Gym Studio',9,'Rue Pixerecourt',20),(141264,'Loisir',0,0,0,0,0,0,0,'Fskam',46,'Rue Des Rigoles',20),(141265,'Compétition',0,0,0,0,0,0,0,'Fskam',46,'Rue Des Rigoles',20),(141266,'Compétition',0,0,0,0,0,0,0,'Fskam',46,'Rue Des Rigoles',20),(141267,'Loisir',0,0,0,0,0,0,0,'A.A.A.S.C.E.P.',14,'Rue Le Bua',20),(141268,'Loisir',0,0,0,0,0,0,0,'A.A.A.S.C.E.P.',14,'Rue Le Bua',20),(141270,'Compétition',0,0,0,0,0,0,0,'Espace Danse Gambetta Idfp Kim Kan',64,'Rue Orfila',20),(141272,'Loisir',0,0,0,0,0,0,0,'Nrgym',340,'Rue Des Pyrenees',20),(141274,'Loisir',0,0,0,0,0,0,0,'Nrgym',340,'Rue Des Pyrenees',20),(141275,'Loisir',0,0,0,0,0,0,0,'Nrgym',340,'Rue Des Pyrenees',20),(141276,'Loisir',1,0,0,1,1,0,1,'Piscine Georges Vallerey',148,'Avenue Gambetta',20),(141278,'Loisir',0,0,0,0,0,0,0,'Point Forme Plus',138,'Rue de Bagnolet',20),(141279,'Loisir',0,0,0,0,0,0,0,'Point Forme Plus',138,'Rue de Bagnolet',20),(141280,'Loisir',0,0,0,0,0,0,0,'Point Forme Plus',138,'Rue de Bagnolet',20),(141281,'Loisir',0,0,0,0,0,0,0,'Club de La Nation',5,'Rue de Lagny',20),(141282,'Loisir',0,0,0,0,0,0,0,'Club de La Nation',5,'Rue de Lagny',20),(141284,'Loisir',0,0,0,0,0,0,0,'Wing Chun',3,'Rue Des Vignoles',20),(141285,'Loisir',0,0,0,0,0,0,0,'La Roulotte A Vapeur',3,'Rue Des Vignoles',20),(141286,'Loisir',0,0,0,0,0,0,0,'Dojo Tenshin',120,'Rue Des Grands Champs',20),(141287,'Compétition',0,0,0,0,0,0,0,'Fair Play Sport 20Eme (Dojo Universel)',5,'Cite Champagne',20),(141288,'Loisir',0,0,0,0,0,0,0,'Centre Momboye',25,'Rue Boyer',20),(141290,'Loisir',0,0,0,0,0,0,0,'Mjc Les Hauts de Belleville',43,'Rue Borrego',20),(141291,'Loisir',0,0,0,0,0,0,0,'Mjc Les Hauts de Belleville',43,'Rue Borrego',20),(141292,'Loisir',0,0,0,0,0,0,0,'Mjc Les Hauts de Belleville',43,'Rue Borrego',20),(141653,'Loisir',1,0,0,0,0,0,0,'Jardin Henri Et Achille Duchene',160,'Rue Vercingetorix',14),(141655,'Loisir',1,0,0,0,0,0,0,'Square de L\'Abbe Lemire',108,'Rue Vercingetorix',14),(141658,'Loisir',0,0,0,1,0,0,1,'Centre Paris Anim\' Vercingetorix',181,'Rue Vercingetorix',14),(141659,'Loisir',0,0,0,1,0,0,1,'Centre Paris Anim\' Vercingetorix',181,'Rue Vercingetorix',14),(141660,'Loisir',1,0,0,0,0,0,1,'Lycee Emile Dubois',14,'Rue Emile Dubois',14),(141661,'Loisir',1,0,0,0,0,0,0,'Erea - Etablissement Regional D\'Enseignement Adapte',1,'Rue Croce Spinelli',14),(141666,'Loisir',0,0,0,0,0,0,0,'College Jean Moulin',75,'Rue D\'Alesia',14),(141668,'Loisir',0,0,0,0,0,0,0,'Hopital Cochin - Salles de Sports Apsap',123,'Boulevard de Port Royal',14),(141669,'Loisir',0,0,0,0,0,0,0,'Hopital Cochin - Salles de Sports Apsap',123,'Boulevard de Port Royal',14),(141674,'Loisir',1,0,0,1,0,0,1,'Lycee Catherine Laboure',29,'Rue Gassendi',14),(141675,'Compétition',0,0,0,0,0,0,0,'Lycee Paul Bert',7,'Rue Huyghens',14),(141676,'Loisir',0,0,0,0,0,0,0,'Lycee Paul Bert',7,'Rue Huyghens',14),(141677,'Compétition',0,0,0,0,0,0,0,'Lycee Paul Bert',7,'Rue Huyghens',14),(141678,'Loisir',1,0,0,1,0,0,0,'College La Bruyere Sainte Isabelle',66,'Rue Abbe Carton',14),(141679,'Loisir',1,0,0,1,0,0,0,'College La Bruyere Sainte Isabelle',66,'Rue Abbe Carton',14),(141680,'Loisir',1,0,0,1,0,0,0,'College La Bruyere Sainte Isabelle',66,'Rue Abbe Carton',14),(141682,'Loisir',0,0,0,0,0,0,0,'College Saint Exupery',89,'Boulevard Arago',14),(141683,'Loisir',0,0,0,0,0,0,0,'College Saint Exupery',89,'Boulevard Arago',14),(141684,'Loisir',0,0,0,0,0,0,0,'College Saint Exupery',89,'Boulevard Arago',14),(141691,'Loisir',0,0,0,0,1,0,0,'Cmg Sport One Grenelle',8,'Rue Fremicourt',15),(141692,'Loisir',0,0,0,0,0,0,0,'Cmg Sport One Grenelle',8,'Rue Fremicourt',15),(141694,'Loisir',0,0,0,0,0,0,0,'Cmg Sport Club Vaugirard',208,'Rue Vaugirard',15),(141696,'Loisir',0,0,0,0,0,0,0,'Centre Convention',159,'Rue Blomet',15),(141697,'Loisir',0,0,0,0,0,0,0,'Centre Convention',159,'Rue Blomet',15),(141699,'Loisir',0,0,0,0,0,0,0,'Tennis Club Cheminot de Vaugirard',399,'Rue de Vaugirard',15),(141701,'Loisir',0,0,0,0,0,0,0,'Tennis Club Cheminot de Vaugirard',399,'Rue de Vaugirard',15),(141703,'Compétition',0,0,0,0,0,0,0,'Tennis Club Cheminot de Vaugirard',399,'Rue de Vaugirard',15),(141704,'Compétition',0,0,0,0,0,0,0,'Tennis Club Cheminot de Vaugirard',399,'Rue de Vaugirard',15),(141705,'Compétition',0,0,0,0,0,0,0,'Tennis Club Cheminot de Vaugirard',399,'Rue de Vaugirard',15),(141707,'Loisir',0,0,0,0,0,0,0,'Training - Club de Mise En Forme',76,'Rue Lecourbe',15),(141708,'Loisir',0,0,0,0,0,0,0,'Training - Club de Mise En Forme',76,'Rue Lecourbe',15),(141709,'Loisir',0,0,0,0,0,0,0,'Training - Club de Mise En Forme',76,'Rue Lecourbe',15),(141710,'Loisir',0,0,0,0,0,0,0,'Training - Club de Mise En Forme',76,'Rue Lecourbe',15),(141711,'Loisir',1,0,0,1,0,0,1,'Squash Front de Seine',44,'Rue Emeriau',15),(141715,'Compétition',1,0,0,0,0,0,0,'Bowling Du Front de Seine',21,'Rue Gaston de Caillavet',15),(141717,'Loisir',0,0,0,0,0,0,0,'Shiseikan',75,'Rue Lecourbe',15),(141719,'Loisir',1,0,0,0,0,0,0,'Studio Chandon',280,'Rue Lecourbe Impasse Chandon',15),(141720,'Loisir',0,0,0,0,0,0,0,'Centre de Jeunesse Chretienne Et Familiale',116,'Rue de Lourmel',15),(141724,'Loisir',0,0,0,0,0,0,0,'Centre de Jeunesse Chretienne Et Familiale',116,'Rue de Lourmel',15),(141725,'Loisir',1,0,0,0,0,0,0,'Studio Danse Energie',71,'Rue Desnouettes',15),(141726,'Loisir',0,0,0,0,0,0,0,'Gym Pour Tous',211,'Rue de La Croix Nivert',15),(141727,'Loisir',0,0,0,0,0,0,0,'Centre Sportif Sablonnière',62,'Rue Cambronne',15),(141729,'Loisir',0,0,0,0,0,0,0,'Centre Sportif Sablonnière',62,'Rue Cambronne',15),(141730,'Compétition',0,0,0,0,0,0,0,'Centre Sportif Sablonnière',62,'Rue Cambronne',15),(141731,'Loisir',0,0,0,0,0,0,0,'Centre Sportif Sablonnière',62,'Rue Cambronne',15),(141732,'Loisir',0,0,0,0,1,0,0,'Centre Municipal Armand Massard',66,'Boulevard Du Montparnasse',15),(141733,'Compétition',0,0,0,0,1,0,0,'Centre Municipal Armand Massard',66,'Boulevard Du Montparnasse',15),(141734,'Loisir',0,0,0,0,1,0,0,'Centre Municipal Armand Massard',66,'Boulevard Du Montparnasse',15),(141735,'Compétition',0,0,0,0,0,0,0,'Centre Municipal Armand Massard',66,'Boulevard Du Montparnasse',15),(141740,'Loisir',1,0,0,0,0,0,0,'Centre Sportif Rene Et Andre Mourlon',19,'Rue Gaston de Caillavet',15),(141741,'Loisir',0,0,0,1,1,0,1,'Centre Sportif Rene Et Andre Mourlon',19,'Rue Gaston de Caillavet',15),(141743,'Loisir',0,0,0,0,0,0,0,'Centre Sportif Charles Rigoulot',18,'Avenue Porte de Brancion',15),(141745,'Loisir',1,0,0,0,0,0,0,'Centre Sportif Charles Rigoulot',18,'Avenue Porte de Brancion',15),(141747,'Compétition',0,0,0,0,0,0,0,'Centre Sportif Charles Rigoulot',18,'Avenue Porte de Brancion',15),(141752,'Loisir',0,0,0,0,0,0,0,'Francoise Dally Daoud',24,'Rue Juge',15),(141753,'Loisir',0,0,0,0,0,0,0,'Cours de Danse Sophie Nicoleau',114,'Boulevard de Grenelle',15),(141754,'Compétition',0,0,0,0,0,0,0,'Temple Des Arts Martiaux/Dojo de Grenelle',21,'Rue de L\'Amiral Roussin',15),(141755,'Loisir',0,0,0,0,0,0,0,'Temple Des Arts Martiaux/Dojo de Grenelle',21,'Rue de L\'Amiral Roussin',15),(141756,'Loisir',0,0,0,0,0,0,0,'Temple Des Arts Martiaux/Dojo de Grenelle',21,'Rue de L\'Amiral Roussin',15),(141757,'Loisir',0,0,0,0,0,0,0,'Temple Des Arts Martiaux/Dojo de Grenelle',21,'Rue de L\'Amiral Roussin',15),(141758,'Loisir',0,0,0,0,0,0,0,'Tennis Club de La Cavalerie',6,'Rue de La Cavalerie',15),(141759,'Loisir',0,0,0,0,1,0,0,'Le Club',61,'Quai de Grenelle',15),(141761,'Loisir',0,0,0,0,0,0,0,'Paroisse Saint Leon Casl',1,'Place Cardinal Amette',15),(141762,'Loisir',0,0,0,0,0,0,0,'Paroisse Saint Leon Casl',1,'Place Cardinal Amette',15),(141765,'Loisir',0,0,0,0,0,0,0,'C3B (Carrefour Chretien Culturel Beaugrenelle)',11,'Rue Linois',15),(141766,'Loisir',0,0,0,0,0,0,0,'C3B (Carrefour Chretien Culturel Beaugrenelle)',11,'Rue Linois',15),(141767,'Loisir',0,0,0,0,0,0,0,'C3B (Carrefour Chretien Culturel Beaugrenelle)',11,'Rue Linois',15),(141769,'Loisir',0,0,0,0,0,0,0,'Trinquet de La Cavalerie',6,'Rue de La Cavalerie',15),(141770,'Loisir',0,0,0,0,0,0,0,'College Andre Citroen',198,'Rue Saint Charles',15),(141772,'Loisir',1,0,0,0,0,0,0,'Tep Du Bessin Bocage',15,'Rue Du Bessin',15),(141773,'Loisir',0,0,0,0,1,0,0,'Piscine Municipale Blomet',17,'Rue Blomet',15),(141775,'Loisir',0,0,0,0,0,0,0,'Gymnase Cevennes',11,'Rue de La Montagne D\'Aulas',15),(141776,'Loisir',0,0,0,0,0,0,0,'Gymnase Cevennes',11,'Rue de La Montagne D\'Aulas',15),(141777,'Compétition',0,0,0,0,0,0,0,'Centre Sportif Croix Nivert',107,'Rue de La Croix Nivert',15),(141778,'Loisir',0,0,0,0,0,0,0,'Centre Sportif Croix Nivert',107,'Rue de La Croix Nivert',15),(141781,'Loisir',0,0,0,0,0,0,0,'Centre Sportif Croix Nivert',107,'Rue de La Croix Nivert',15),(141782,'Loisir',0,0,0,0,0,0,0,'Gymnase Dupleix',28,'Rue Edgar Faure',15),(141785,'Loisir',1,1,1,1,0,1,1,'Centre Sportif Emile Anthoine',9,'Rue Jean Rey',15),(141786,'Loisir',1,1,1,1,1,1,1,'Centre Sportif Emile Anthoine',9,'Rue Jean Rey',15),(141787,'Loisir',1,0,0,0,0,0,0,'Centre Sportif Emile Anthoine',9,'Rue Jean Rey',15),(141789,'Loisir',1,0,0,0,0,0,0,'Centre Sportif Emile Anthoine',9,'Rue Jean Rey',15),(141794,'Loisir',0,0,0,0,1,0,0,'Piscine Keller',14,'Rue de L\'Ingenieur Keller',15),(141795,'Loisir',0,0,0,0,0,0,0,'Gymnase de L\'Ingénieur Keller',16,'Rue de L\'Ingenieur Keller',15),(141796,'Loisir',0,0,0,0,0,0,0,'Centre Sportif La Plaine',13,'Rue Du General Guillaumat',15),(141797,'Loisir',0,0,0,0,0,0,0,'Centre Sportif La Plaine',13,'Rue Du General Guillaumat',15),(141798,'Compétition',0,0,0,0,0,0,0,'Centre Sportif La Plaine',13,'Rue Du General Guillaumat',15),(141799,'Compétition',0,0,0,0,0,0,0,'Centre Sportif La Plaine',13,'Rue Du General Guillaumat',15),(141800,'Loisir',0,0,0,0,0,0,0,'Centre Sportif La Plaine',13,'Rue Du General Guillaumat',15),(141801,'Loisir',0,0,0,0,0,0,0,'Centre Sportif La Plaine',13,'Rue Du General Guillaumat',15),(141802,'Loisir',0,0,0,0,1,0,0,'Centre Sportif La Plaine',13,'Rue Du General Guillaumat',15),(141803,'Compétition',0,0,0,0,0,0,0,'Centre Sportif La Plaine',13,'Rue Du General Guillaumat',15),(141804,'Compétition',0,0,0,0,0,0,0,'Centre Sportif La Plaine',13,'Rue Du General Guillaumat',15),(141805,'Loisir',0,0,0,0,0,0,0,'Centre Sportif La Plaine',13,'Rue Du General Guillaumat',15),(141806,'Compétition',0,0,0,0,0,0,0,'Gymnase Olivier de Serres',99,'Rue Olivier de Serres',15),(141807,'Compétition',0,0,0,0,0,0,0,'Tep Paul Barruel',24,'Rue Paul Barruel',15),(141809,'Loisir',0,0,0,0,0,0,0,'Gymnase Saint Lambert',8,'Rue Saint Lambert',15),(141810,'Loisir',1,0,0,0,0,0,0,'Centre Sportif Suzanne Lenglen',2,'Rue Louis Armand',15),(141812,'Compétition',0,0,0,0,0,0,0,'Centre Sportif Suzanne Lenglen',2,'Rue Louis Armand',15),(141813,'Loisir',0,0,0,0,0,0,0,'Centre Sportif Suzanne Lenglen',2,'Rue Louis Armand',15),(141814,'Loisir',0,0,0,0,0,0,0,'Centre Sportif Suzanne Lenglen',2,'Rue Louis Armand',15),(141815,'Loisir',0,0,0,0,0,0,0,'Centre Sportif Suzanne Lenglen',2,'Rue Louis Armand',15),(141818,'Loisir',1,0,0,0,0,0,0,'Centre Sportif Suzanne Lenglen',2,'Rue Louis Armand',15),(141819,'Compétition',1,0,0,0,0,0,0,'Centre Sportif Suzanne Lenglen',2,'Rue Louis Armand',15),(141822,'Compétition',0,0,0,0,0,0,0,'Centre Sportif Suzanne Lenglen',2,'Rue Louis Armand',15),(141830,'Loisir',1,0,0,0,0,0,0,'Tep Varet',2,'Rue Varet',15),(141836,'Loisir',1,0,0,0,0,0,0,'Forest Hill Aquaboulevard',4,'Rue Louis Armand',15),(141837,'Compétition',1,0,0,0,0,0,0,'Forest Hill Aquaboulevard',4,'Rue Louis Armand',15),(141839,'Loisir',0,0,0,0,0,0,0,'Forest Hill Aquaboulevard',4,'Rue Louis Armand',15),(141840,'Loisir',0,0,0,0,0,0,0,'Forest Hill Aquaboulevard',4,'Rue Louis Armand',15),(141844,'Loisir',0,0,0,0,0,0,0,'Lycee Saint Nicolas 1',68,'Rue Falguiere',15),(141845,'Compétition',1,0,0,0,0,0,0,'Stand de Tir Aquaboulevard',4,'Rue Louis Armand',15),(141847,'Loisir',0,0,0,0,0,0,0,'Etablissement Scolaire Buffon',16,'Boulevard Pasteur',15),(141848,'Loisir',0,0,0,0,0,0,0,'Etablissement Scolaire Buffon',16,'Boulevard Pasteur',15),(141849,'Loisir',0,0,0,0,0,0,0,'Etablissement Scolaire Buffon',16,'Boulevard Pasteur',15),(141850,'Loisir',1,0,0,1,0,0,0,'Etablissement Scolaire Buffon',16,'Boulevard Pasteur',15),(141851,'Loisir',1,0,0,1,0,0,1,'Etablissement Scolaire Buffon',16,'Boulevard Pasteur',15),(141861,'Loisir',0,0,0,0,0,0,0,'Annexe Du Lycee Camille See',45,'Rue Mademoiselle',15),(141862,'Compétition',0,0,0,0,0,0,0,'Annexe Du Lycee Camille See',45,'Rue Mademoiselle',15),(141863,'Loisir',0,0,0,0,0,0,0,'Annexe Du Lycee Camille See',45,'Rue Mademoiselle',15),(141864,'Loisir',0,0,0,0,0,0,0,'Annexe Du Lycee Camille See',45,'Rue Mademoiselle',15),(141869,'Loisir',1,0,0,0,0,0,0,'College Guillaume Appolinaire',39,'Avenue Emile Zola',15),(141870,'Loisir',1,0,0,0,0,0,0,'Lycee Fresnel',31,'Boulevard Pasteur',15),(141871,'Loisir',1,0,0,0,0,0,0,'College Madame de Stael',14,'Rue de Stael',15),(141872,'Loisir',0,0,0,0,0,0,0,'Etablissement Saint Elisabeth',112,'Rue de Lourmel',15),(141873,'Compétition',0,0,0,0,0,0,0,'Etablissement Saint Elisabeth',112,'Rue de Lourmel',15),(141874,'Loisir',0,0,0,0,0,0,0,'Etablissement Saint Elisabeth',112,'Rue de Lourmel',15),(141879,'Loisir',0,0,0,0,0,0,0,'Ecole Active Bilingue Jeanine Manuel',70,'Rue Du Theatre',15),(141882,'Loisir',0,0,0,0,0,0,0,'Hopital Europeen Georges Pompidou',20,'Rue Leblanc',15),(141883,'Compétition',1,0,0,0,0,0,0,'Hopital Europeen Georges Pompidou',20,'Rue Leblanc',15),(141885,'Loisir',1,0,0,1,0,0,1,'Engref (Ecole Nationale Genie Rural Eaux Et Forets)',19,'Avenue Du Maine',15),(141887,'Loisir',0,0,0,0,0,0,0,'Lycee Autogere',393,'Rue de Vaugirard',15),(141889,'Loisir',0,0,0,0,0,0,0,'U.F.R Staps',1,'Rue Lacretelle',15),(141891,'Loisir',1,0,0,1,0,0,1,'U.F.R Staps',1,'Rue Lacretelle',15),(141894,'Compétition',1,0,0,0,0,0,0,'Lycee Blomet',5,'Rue Blomet',15),(141895,'Loisir',0,0,0,0,0,0,0,'College Modigliani',1,'Rue de Cherbourg',15),(141901,'Loisir',0,0,0,0,0,0,0,'Universite Paris V (Faculte de Necker )',156,'Rue de Vaugirard',15),(141902,'Loisir',0,0,0,0,0,0,0,'Universite Paris V (Faculte de Necker )',156,'Rue de Vaugirard',15),(141903,'Loisir',1,0,0,1,0,0,1,'Institut Saint Jean de Dieu',223,'Rue Lecourbe',15),(141904,'Loisir',1,0,0,1,0,0,1,'Institut Saint Jean de Dieu',223,'Rue Lecourbe',15),(141905,'Loisir',1,0,0,1,0,0,1,'Institut Saint Jean de Dieu',223,'Rue Lecourbe',15),(141906,'Loisir',1,0,0,1,0,0,1,'Institut Saint Jean de Dieu',223,'Rue Lecourbe',15),(141909,'Loisir',1,0,0,0,0,0,0,'Cmg Sports Club Waou Auteuil',11,'Rue Chanez',16),(141910,'Loisir',1,0,0,0,1,0,0,'Cmg Sports Club Waou Auteuil',11,'Rue Chanez',16),(141912,'Loisir',1,0,0,0,0,0,0,'Cmg Sports Club Waou Auteuil',11,'Rue Chanez',16),(141913,'Loisir',1,0,0,0,0,0,0,'Cmg Sports Club Waou Auteuil',11,'Rue Chanez',16),(141914,'Loisir',1,0,0,0,0,0,0,'Cmg Sports Club Waou Auteuil',11,'Rue Chanez',16),(141915,'Loisir',1,0,0,1,0,0,0,'Tennis Niox',14,'Quai Saint Exupery',16),(141916,'Compétition',1,0,0,1,0,0,1,'Centre Sportif Du Fond Des Princes',61,'Avenue de La Porte D\'Auteuil',16),(141917,'Compétition',1,0,0,1,0,0,1,'Centre Sportif Du Fond Des Princes',61,'Avenue de La Porte D\'Auteuil',16),(141919,'Loisir',1,0,0,1,0,0,1,'Centre Sportif Du Fond Des Princes',61,'Avenue de La Porte D\'Auteuil',16),(141920,'Loisir',0,0,0,1,0,0,1,'Les Cercles de La Forme Dauphine',3,'Boulevard Lannes',16),(141921,'Loisir',0,0,0,1,0,0,1,'Les Cercles de La Forme Dauphine',3,'Boulevard Lannes',16),(141922,'Loisir',0,0,0,1,1,0,1,'Les Cercles de La Forme Dauphine',3,'Boulevard Lannes',16),(141923,'Compétition',0,0,0,0,0,0,0,'Ste Sportive Du Jeu de Paume Et de Raquettes',74,'Rue Lauriston',16),(141924,'Loisir',0,0,0,0,0,0,0,'Ste Sportive Du Jeu de Paume Et de Raquettes',74,'Rue Lauriston',16),(141925,'Loisir',0,0,0,0,0,0,0,'Club de Tir de La Police Nationale de Paris',8,'Avenue Foch',16),(141926,'Loisir',0,0,0,0,1,0,0,'Piscine Municipale D\'Auteuil',1,'Route Des Lacs A Passy',16),(141927,'Loisir',0,0,0,0,1,0,0,'Piscine Municipale D\'Auteuil',1,'Route Des Lacs A Passy',16),(141936,'Loisir',0,0,0,0,0,0,0,'Tep General Sarrail',8,'Avenue Du General Sarrail',16),(141937,'Compétition',1,0,0,0,0,0,0,'Stade Georges Hebert',10,'Boulevard Murat',16),(141938,'Loisir',1,0,0,0,0,0,0,'Stade Georges Hebert',10,'Boulevard Murat',16),(141941,'Compétition',1,0,0,1,0,0,1,'Centre Sportif Henry Montherlant',30,'Boulevard Lannes',16),(141943,'Loisir',1,0,0,1,0,0,1,'Centre Sportif Henry Montherlant',30,'Boulevard Lannes',16),(141945,'Loisir',1,0,0,1,1,0,1,'Centre Sportif Henry Montherlant',30,'Boulevard Lannes',16),(141947,'Compétition',1,0,0,1,0,0,1,'Centre Sportif Henry Montherlant',30,'Boulevard Lannes',16),(141950,'Loisir',1,0,0,1,0,0,1,'Tep Jean Pierre Wimille',56,'Boulevard de L\'Amiral Bruix',16),(141952,'Compétition',1,0,0,0,0,0,0,'Stade Porte de La Muette',60,'Boulevard Lannes',16),(141957,'Loisir',1,0,0,0,0,0,0,'Stade Porte de La Muette',60,'Boulevard Lannes',16),(141959,'Loisir',1,0,0,0,0,0,0,'Stade Porte de La Muette',60,'Boulevard Lannes',16),(141961,'Compétition',0,0,0,0,0,0,0,'Boulodrome Niox',1,'Rue Du General Malleterre',16),(141962,'Loisir',0,0,0,0,0,0,0,'Lycée Saint Jean de Passy',72,'Rue Raynouard',16),(141963,'Compétition',0,0,0,0,0,0,0,'Lycée Saint Jean de Passy',72,'Rue Raynouard',16),(141964,'Loisir',0,0,0,0,0,0,0,'Lycée Saint Jean de Passy',72,'Rue Raynouard',16),(141966,'Loisir',0,0,0,0,0,0,0,'Lycée Saint Jean de Passy',72,'Rue Raynouard',16),(141967,'Loisir',1,0,0,1,0,0,1,'Stade Pierre de Coubertin',84,'Avenue Georges Lafont',16),(141969,'Compétition',1,0,0,1,0,0,1,'Stade Pierre de Coubertin',84,'Avenue Georges Lafont',16),(141970,'Compétition',1,0,0,1,0,0,1,'Stade Pierre de Coubertin',84,'Avenue Georges Lafont',16),(141971,'Compétition',1,0,0,0,0,0,0,'Stade Suchet',26,'Avenue Du Marechal Franchet D\'Esperey',16),(141972,'Compétition',1,0,0,0,0,0,0,'Stade Suchet',26,'Avenue Du Marechal Franchet D\'Esperey',16),(141973,'Loisir',1,0,0,0,0,0,0,'Stade Suchet',26,'Avenue Du Marechal Franchet D\'Esperey',16),(141974,'Loisir',1,0,0,0,0,0,0,'Stade Suchet',26,'Avenue Du Marechal Franchet D\'Esperey',16),(141975,'Loisir',1,0,0,0,0,0,0,'Stade Suchet',26,'Avenue Du Marechal Franchet D\'Esperey',16),(141976,'Loisir',0,0,0,0,0,0,0,'Sarl Gym Et Danse Du Trocadero',36,'Rue Longchamps',16),(141977,'Compétition',0,0,0,0,0,0,0,'Shogun Center',5,'Impasse Carriere',16),(141978,'Loisir',0,0,0,0,0,1,0,'Shogun Center',5,'Impasse Carriere',16),(141985,'Compétition',1,0,0,0,0,0,0,'Roland Garros',24,'Avenue Gordon Bennet',16),(141986,'Compétition',1,0,0,0,0,0,0,'Roland Garros',24,'Avenue Gordon Bennet',16),(141987,'Compétition',1,0,0,1,0,0,1,'Roland Garros',24,'Avenue Gordon Bennet',16),(141988,'Compétition',1,0,0,0,0,0,0,'Roland Garros',24,'Avenue Gordon Bennet',16),(141989,'Compétition',1,0,0,1,0,0,1,'Roland Garros',24,'Avenue Gordon Bennet',16),(141990,'Compétition',1,0,0,0,0,0,0,'Roland Garros',24,'Avenue Gordon Bennet',16),(141992,'Loisir',0,0,0,0,0,0,0,'Ligue de Paris de Tennis',109,'Avenue Mozart',16),(141993,'Loisir',0,0,0,0,0,0,0,'Tennis Jean Diximier-Apsap- Vp',19,'Rue Du General Malleterre',16),(141994,'Loisir',0,0,0,0,0,0,0,'Tennis Jean Diximier-Apsap- Vp',19,'Rue Du General Malleterre',16),(141997,'Loisir',0,0,0,0,0,0,0,'Tennis Jean Diximier-Apsap- Vp',19,'Rue Du General Malleterre',16),(141998,'Loisir',0,0,0,0,0,0,0,'Tennis Club de Paris',15,'Avenue Felix D\'Herelle',16),(141999,'Compétition',0,0,0,0,0,0,0,'Tennis Club de Paris',15,'Avenue Felix D\'Herelle',16),(142000,'Compétition',0,0,0,0,0,0,0,'Tennis Club de Paris',15,'Avenue Felix D\'Herelle',16),(142001,'Compétition',0,0,0,0,0,0,0,'Tennis Club de Paris',15,'Avenue Felix D\'Herelle',16),(142006,'Loisir',0,0,0,0,0,0,0,'Tennis Club de Paris',15,'Avenue Felix D\'Herelle',16),(142007,'Loisir',0,0,0,0,0,0,0,'Tennis Club de Paris',15,'Avenue Felix D\'Herelle',16),(142008,'Loisir',0,0,0,0,0,0,0,'Tennis Club de Paris',15,'Avenue Felix D\'Herelle',16),(142011,'Compétition',1,0,0,0,0,0,0,'Tennis Club Du Xvieme',15,'Avenue Du General Clavery',16),(142013,'Compétition',1,0,0,0,0,0,0,'Tennis Club Du Xvieme',15,'Avenue Du General Clavery',16),(142015,'Loisir',1,0,0,0,0,0,0,'Tennis Club Du Xvieme',15,'Avenue Du General Clavery',16),(142016,'Compétition',1,0,0,0,0,0,0,'Tennis Club Du Xvieme',15,'Avenue Du General Clavery',16),(142017,'Compétition',1,0,0,0,0,0,0,'Tennis Club Du Xvieme',15,'Avenue Du General Clavery',16),(142020,'Compétition',0,0,0,0,0,0,0,'Fronton de Paris',8,'Quai St Exupery',16),(142021,'Compétition',0,0,0,0,0,0,0,'Fronton de Paris',8,'Quai St Exupery',16),(142038,'Loisir',1,0,0,0,0,0,0,'Golf Du Bois de Boulogne',1,'Route D\'Auteuil Aux Lacs',16),(142040,'Loisir',1,0,0,0,0,0,0,'Golf Du Bois de Boulogne',1,'Route D\'Auteuil Aux Lacs',16),(142047,'Loisir',0,0,0,0,0,0,0,'Etrier Dauphine',1,'Place Du Marechal de Lattre de Tasigny',16),(142069,'Loisir',1,0,0,1,0,0,1,'Centre Sportif Geo Andre',2,'Rue Du Commandant Guilbaud',16),(142070,'Loisir',1,0,0,1,0,0,1,'Centre Sportif Geo Andre',2,'Rue Du Commandant Guilbaud',16),(142071,'Loisir',1,0,0,1,0,0,1,'Centre Sportif Geo Andre',2,'Rue Du Commandant Guilbaud',16),(142073,'Compétition',1,0,0,1,0,0,1,'Centre Sportif Geo Andre',2,'Rue Du Commandant Guilbaud',16),(142074,'Compétition',1,0,0,1,0,0,1,'Centre Sportif Geo Andre',2,'Rue Du Commandant Guilbaud',16),(142076,'Loisir',1,0,0,1,0,0,1,'Centre Sportif Geo Andre',2,'Rue Du Commandant Guilbaud',16),(142077,'Loisir',1,0,0,1,0,0,1,'Centre Sportif Geo Andre',2,'Rue Du Commandant Guilbaud',16),(142078,'Loisir',1,0,0,1,0,0,1,'Centre Sportif Geo Andre',2,'Rue Du Commandant Guilbaud',16),(142079,'Loisir',1,0,0,1,0,0,1,'Centre Sportif Geo Andre',2,'Rue Du Commandant Guilbaud',16),(142080,'Compétition',1,0,0,1,0,0,1,'Centre Sportif Geo Andre',2,'Rue Du Commandant Guilbaud',16),(142085,'Compétition',1,0,0,1,0,0,1,'Paris Jean Bouin Casg',26,'Avenue Du General Sarrail',16),(142088,'Loisir',1,0,0,1,0,0,1,'Paris Jean Bouin Casg',26,'Avenue Du General Sarrail',16),(142089,'Compétition',1,0,0,1,0,0,1,'Paris Jean Bouin Casg',26,'Avenue Du General Sarrail',16),(142092,'Compétition',1,0,0,1,0,0,1,'Paris Jean Bouin Casg',26,'Avenue Du General Sarrail',16),(142093,'Compétition',1,0,0,1,0,0,1,'Paris Jean Bouin Casg',26,'Avenue Du General Sarrail',16),(142095,'Compétition',1,0,0,0,0,0,0,'Paris Jean Bouin Casg',26,'Avenue Du General Sarrail',16),(142097,'Loisir',0,0,0,0,1,0,0,'Ken Club',100,'Avenue Du President Kennedy',16),(142100,'Loisir',1,0,0,0,0,0,0,'Hotel Coste K',81,'Avenue Kleber',16),(142101,'Loisir',0,0,0,0,0,0,0,'Centre D\'Animation Du Point Du Jour 2',1,'Rue Du Général Malleterre',16),(142102,'Loisir',0,0,0,0,0,0,0,'Le Cercle Foch',33,'Avenue Foch',16),(142107,'Compétition',1,0,0,1,0,0,1,'Parc Des Princes',24,'Rue Du Commandant Guilbaud',16),(142108,'Loisir',0,0,0,0,0,0,0,'Centre D\'Animation Du Point Du Jour 1',25,'Rue Mesnil',16),(142111,'Loisir',1,0,0,1,0,0,1,'Lagardere Paris Racing',1,'Chemin de La Croix Catelan - Bois de Boulogne',16),(142112,'Loisir',1,0,0,1,0,0,1,'Lagardere Paris Racing',1,'Chemin de La Croix Catelan - Bois de Boulogne',16),(142113,'Loisir',1,0,0,1,0,0,1,'Lagardere Paris Racing',1,'Chemin de La Croix Catelan - Bois de Boulogne',16),(142114,'Loisir',1,0,0,1,0,0,1,'Lagardere Paris Racing',1,'Chemin de La Croix Catelan - Bois de Boulogne',16),(142117,'Loisir',1,0,0,1,0,0,0,'Lagardere Paris Racing',1,'Chemin de La Croix Catelan - Bois de Boulogne',16),(142121,'Compétition',1,0,0,1,0,0,0,'Lagardere Paris Racing',1,'Chemin de La Croix Catelan - Bois de Boulogne',16),(142123,'Compétition',1,0,0,1,0,0,1,'Lagardere Paris Racing',1,'Chemin de La Croix Catelan - Bois de Boulogne',16),(142124,'Loisir',1,0,0,1,1,0,1,'Lagardere Paris Racing',1,'Chemin de La Croix Catelan - Bois de Boulogne',16),(142125,'Loisir',1,0,0,1,1,0,1,'Lagardere Paris Racing',1,'Chemin de La Croix Catelan - Bois de Boulogne',16),(142137,'Compétition',0,0,0,0,0,0,0,'Universite Paris Dauphine',1,'Place Du Marechal de Lattre de Tassigny',16),(142142,'Loisir',1,0,0,0,0,0,0,'Lycee La Tour',86,'Rue de La Tour',16),(142143,'Loisir',0,0,0,0,0,0,0,'Lycee La Tour',86,'Rue de La Tour',16),(142144,'Loisir',1,0,0,0,0,0,0,'Lycee La Tour',86,'Rue de La Tour',16),(142146,'Loisir',0,0,0,0,0,0,0,'Lycee Saint Louis de Gonzagues',12,'Rue Benjamin Franklin',16),(142149,'Loisir',0,0,0,0,0,0,0,'Lycee Saint Louis de Gonzagues',12,'Rue Benjamin Franklin',16),(142152,'Loisir',0,0,0,0,0,0,0,'Lycee Janson de Sailly',106,'Rue de La Pompe',16),(142153,'Loisir',0,0,0,0,0,0,0,'Lycee Janson de Sailly',106,'Rue de La Pompe',16),(142154,'Compétition',0,0,0,0,0,0,0,'Lycee Janson de Sailly',106,'Rue de La Pompe',16),(142155,'Compétition',0,0,0,0,0,0,0,'Lycee Janson de Sailly',106,'Rue de La Pompe',16),(142156,'Loisir',0,0,0,0,0,0,0,'Lycee Janson de Sailly',106,'Rue de La Pompe',16),(142158,'Loisir',0,0,0,0,0,0,0,'Lycee Janson de Sailly',106,'Rue de La Pompe',16),(142160,'Loisir',1,0,0,0,0,0,0,'Lycee Janson de Sailly',106,'Rue de La Pompe',16),(142163,'Loisir',0,0,0,0,0,0,0,'Lycee Notre Dame Des Oiseaux',12,'Rue Michel Ange',16),(142164,'Loisir',0,0,0,0,0,0,0,'Lycee Notre Dame Des Oiseaux',12,'Rue Michel Ange',16),(142165,'Compétition',0,0,0,0,0,0,0,'Lycee Notre Dame Des Oiseaux',12,'Rue Michel Ange',16),(142166,'Compétition',0,0,0,0,0,0,0,'Lycee Notre Dame Des Oiseaux',12,'Rue Michel Ange',16),(142167,'Loisir',1,0,0,0,0,0,0,'Iufm',16,'Rue Du Ranelagh',16),(142169,'Loisir',1,0,0,0,0,0,1,'Lycee Professionnel Et Technologique Sainte Therese',40,'Rue La Fontaine',16),(142172,'Compétition',1,0,0,0,0,0,0,'Lycee de L\'Assomption',6,'Rue Lubeck',16),(142176,'Loisir',0,0,0,0,0,0,0,'Lycee Jean Baptiste Say',11,'Rue D\'Auteuil',16),(142178,'Compétition',0,0,0,0,0,0,0,'Lycee Jean Baptiste Say',11,'Rue D\'Auteuil',16),(142179,'Loisir',0,0,0,0,0,0,0,'Ecole Notre Dame de Grace',72,'Rue Raynouard',16),(142180,'Compétition',0,0,0,0,0,0,0,'Lycee Gerson',31,'Rue de La Pompe',16),(142181,'Compétition',0,0,0,0,0,0,0,'Lycee Gerson',31,'Rue de La Pompe',16),(142182,'Compétition',0,0,0,0,0,0,0,'Lycee Gerson',31,'Rue de La Pompe',16),(142184,'Loisir',0,0,0,0,0,0,0,'Tennis Club Ribera',15,'Rue Ribera',16),(142185,'Compétition',0,0,0,0,0,0,0,'Lycee Claude Bernard',1,'Avenue Du Parc Des Princes',16),(142186,'Loisir',0,0,0,0,0,0,0,'Lycee Claude Bernard',1,'Avenue Du Parc Des Princes',16),(142187,'Loisir',0,0,0,0,0,0,0,'Lycee Jean de La Fontaine',1,'Rue Molitor',16),(142188,'Loisir',0,0,0,0,0,0,0,'Lycee Jean de La Fontaine',1,'Rue Molitor',16),(142189,'Loisir',0,0,0,0,0,0,0,'Lycee Jean de La Fontaine',1,'Rue Molitor',16),(142190,'Loisir',0,0,0,0,0,0,0,'Lycee Jean de La Fontaine',1,'Rue Molitor',16),(142193,'Loisir',0,0,0,0,0,0,0,'College Eugene Delacroix',13,'Rue Eugene Delacroix',16),(142200,'Loisir',0,0,0,0,0,0,0,'Cmg Sport Club One Monceau',24,'Rue Chazelles',17),(142201,'Loisir',0,0,0,0,0,0,0,'Cmg Sport Club One Monceau',24,'Rue Chazelles',17),(142202,'Loisir',0,0,0,0,0,0,0,'Cmg Sport Club One Monceau',24,'Rue Chazelles',17),(142204,'Loisir',0,0,0,0,0,0,0,'Cmg Sport Club One Monceau',24,'Rue Chazelles',17),(142205,'Loisir',0,0,0,0,0,0,0,'Cmg Sport Club One Monceau',24,'Rue Chazelles',17),(142207,'Loisir',0,0,0,0,0,0,0,'Cmg Sports Club Waou Etoile',1,'Place Du General Koenig',17),(142208,'Loisir',0,0,0,0,0,0,0,'Cmg Sports Club Waou Etoile',1,'Place Du General Koenig',17),(142209,'Loisir',0,0,0,0,0,0,0,'Cmg Sports Club Waou Etoile',1,'Place Du General Koenig',17),(142213,'Loisir',0,0,0,0,0,0,0,'Cmg Sport Club One Maillot',17,'Rue Du Debarcadere',17),(142214,'Loisir',0,0,0,0,0,0,0,'Cmg Sport Club One Maillot',17,'Rue Du Debarcadere',17),(142220,'Loisir',1,0,0,0,0,0,0,'Centre Sportif Reims',32,'Bd de Reims',17),(142223,'Loisir',1,0,0,0,0,0,0,'Centre Sportif Reims',32,'Bd de Reims',17),(142224,'Loisir',1,0,0,0,0,0,0,'Centre Sportif Reims',32,'Bd de Reims',17),(142225,'Loisir',0,0,0,0,0,0,0,'Tennis Porte D\'Asnieres',1,'Boulevard de Reims',17),(142226,'Loisir',0,0,0,0,0,0,0,'Centre Sportif Courcelles',229,'Rue de Courcelles',17),(142227,'Loisir',0,0,0,0,0,0,0,'Centre Sportif Courcelles',229,'Rue de Courcelles',17),(142228,'Compétition',1,0,0,0,0,0,0,'Centre Sportif Courcelles',229,'Rue de Courcelles',17),(142229,'Loisir',1,0,0,0,0,0,0,'Centre Sportif Courcelles',229,'Rue de Courcelles',17),(142231,'Loisir',0,0,0,0,0,0,0,'Les Cercles de La Forme Maillot',20,'Rue Guersant',17),(142233,'Loisir',0,0,0,0,0,0,0,'Les Cercles de La Forme Maillot',20,'Rue Guersant',17),(142236,'Loisir',0,0,0,0,0,0,0,'Stade Porte D\'Asnières',6,'Avenue Brunetiere',17),(142237,'Loisir',0,0,0,0,0,0,0,'Stade Porte D\'Asnières',6,'Avenue Brunetiere',17),(142238,'Compétition',1,0,0,0,0,0,0,'Stade Porte D\'Asnières',6,'Avenue Brunetiere',17),(142239,'Compétition',1,1,1,1,0,1,1,'Piscine Municipale Bernard Lafay',79,'Rue de La Jonquiere',17),(142240,'Loisir',1,1,1,1,0,1,1,'Piscine Municipale Bernard Lafay',79,'Rue de La Jonquiere',17),(142242,'Loisir',1,0,0,1,0,0,1,'Salles de Sport Bernard Lafay',26,'Rue Boulay',17),(142243,'Loisir',1,0,0,1,0,0,1,'Salles de Sport Bernard Lafay',26,'Rue Boulay',17),(142244,'Compétition',1,0,0,1,0,0,1,'Gymnase Fragonard',10,'Rue Fragonard',17),(142247,'Loisir',1,0,0,0,0,0,0,'Terrain de Sport Lemercier',108,'Rue Lemercier',17),(142250,'Compétition',1,0,0,1,0,0,1,'Centre Sportif Léon Biancotto',6,'Avenue de La Porte de Clichy',17),(142251,'Loisir',1,0,0,1,0,0,1,'Centre Sportif Léon Biancotto',6,'Avenue de La Porte de Clichy',17),(142253,'Loisir',1,0,0,1,0,0,1,'Centre Sportif Léon Biancotto',6,'Avenue de La Porte de Clichy',17),(142254,'Compétition',1,0,0,1,0,0,1,'Centre Sportif Léon Biancotto',6,'Avenue de La Porte de Clichy',17),(142255,'Loisir',1,0,0,1,0,0,1,'Centre Sportif Léon Biancotto',6,'Avenue de La Porte de Clichy',17),(142256,'Loisir',1,0,0,1,0,0,1,'Centre Sportif Léon Biancotto',6,'Avenue de La Porte de Clichy',17),(142257,'Loisir',1,1,1,1,0,1,1,'Centre Sportif Léon Biancotto',6,'Avenue de La Porte de Clichy',17),(142259,'Loisir',0,0,0,0,0,0,0,'Centre Sportif Max Rousie',28,'Rue Andre Brechet',17),(142260,'Loisir',0,0,0,0,0,0,0,'Centre Sportif Max Rousie',28,'Rue Andre Brechet',17),(142261,'Loisir',0,0,0,0,0,0,0,'Centre Sportif Max Rousie',28,'Rue Andre Brechet',17),(142262,'Loisir',0,0,0,0,0,0,0,'Centre Sportif Max Rousie',28,'Rue Andre Brechet',17),(142263,'Loisir',0,0,0,0,0,0,0,'Centre Sportif Max Rousie',28,'Rue Andre Brechet',17),(142264,'Loisir',0,0,0,0,0,0,0,'Centre Sportif Max Rousie',28,'Rue Andre Brechet',17),(142265,'Compétition',0,0,0,0,0,0,0,'Centre Sportif Max Rousie',28,'Rue Andre Brechet',17),(142267,'Compétition',0,0,0,0,0,0,0,'Centre Sportif Max Rousie',28,'Rue Andre Brechet',17),(142270,'Compétition',1,0,0,0,0,0,0,'Centre Sportif Max Rousie',28,'Rue Andre Brechet',17),(142272,'Compétition',0,0,0,0,0,0,0,'Stade Paul Faber',17,'Avenue de La Porte de Villiers',17),(142274,'Loisir',1,0,0,0,0,0,0,'Gym Et Yoga - Ste Pierre Didier',8,'Place Boulnois',17),(142279,'Loisir',0,0,0,0,0,0,0,'Les Cercles de La Forme Batignolles',32,'Boulevard Des Batignolles',17),(142280,'Loisir',0,0,0,0,0,0,0,'Les Cercles de La Forme Batignolles',32,'Boulevard Des Batignolles',17),(142281,'Loisir',0,0,0,0,0,0,0,'Les Cercles de La Forme Batignolles',32,'Boulevard Des Batignolles',17),(142282,'Loisir',0,0,0,0,0,0,0,'Les Cercles de La Forme Batignolles',32,'Boulevard Des Batignolles',17),(142284,'Loisir',0,0,0,0,0,0,0,'Goryu Dojo',98,'Boulevard Des Batignolles',17),(142285,'Loisir',0,0,0,0,0,0,0,'Ecole Daniel Pariset',82,'Avenue de Villiers',17),(142286,'Loisir',0,0,0,0,0,0,0,'Ecole Daniel Pariset',82,'Avenue de Villiers',17),(142287,'Loisir',0,0,0,0,0,0,0,'Centre D\'Animation Interclub 17',47,'Rue de Saussure',17),(142288,'Compétition',0,0,0,0,0,0,0,'Racing Club de France 1',154,'Rue de Saussure',17),(142289,'Loisir',0,0,0,0,0,0,0,'Ecole Veronique Pariset',19,'Rue Nollet',17),(142292,'Loisir',0,0,0,0,0,0,0,'Le Sporting',113,'Rue Cardinet',17),(142293,'Loisir',0,0,0,0,1,0,0,'Hotel Ibis - Club Aquaviva',5,'Impasse Chalabre',17),(142294,'Loisir',0,0,0,0,0,0,0,'Hotel Ibis - Club Aquaviva',5,'Impasse Chalabre',17),(142297,'Loisir',1,0,0,0,1,0,0,'Piscine Champerret',36,'Boulevard de Reims',17),(142298,'Compétition',0,0,0,0,0,0,0,'Gymnase de L\'Acepmt',11,'Rue Jacques Ibert',17),(142300,'Loisir',0,0,0,0,0,0,0,'Dance Center',6,'Impasse Levis',17),(142301,'Loisir',0,0,0,0,0,0,0,'Dance Center',6,'Impasse Levis',17),(142303,'Loisir',1,0,0,0,0,0,0,'Square Helene',12,'Rue Helene',17),(142304,'Loisir',1,0,0,0,0,0,0,'Square Les Epinettes',9,'Rue Maria Deraismes',17),(142307,'Compétition',0,0,0,0,1,0,0,'Lycée Honore de Balzac',118,'Boulevard Bessieres',17),(142308,'Loisir',0,0,0,0,0,0,0,'Lycée Honore de Balzac',118,'Boulevard Bessieres',17),(142309,'Loisir',0,0,0,0,0,0,0,'Lycée Honore de Balzac',118,'Boulevard Bessieres',17),(142311,'Loisir',0,0,0,0,0,0,0,'Lycée Honore de Balzac',118,'Boulevard Bessieres',17),(142313,'Loisir',0,0,0,0,0,0,0,'Lycée Honore de Balzac',118,'Boulevard Bessieres',17),(142314,'Loisir',0,0,0,0,0,0,0,'Lycée Honore de Balzac',118,'Boulevard Bessieres',17),(142316,'Loisir',0,0,0,0,0,0,0,'Lycée Honore de Balzac',118,'Boulevard Bessieres',17),(142317,'Loisir',0,0,0,0,0,0,0,'Lycée Honore de Balzac',118,'Boulevard Bessieres',17),(142319,'Loisir',0,0,0,0,0,0,0,'Lycée Honore de Balzac',118,'Boulevard Bessieres',17),(142320,'Loisir',0,0,0,0,0,0,0,'Lycée Honore de Balzac',118,'Boulevard Bessieres',17),(142321,'Loisir',1,0,0,0,0,0,0,'Lycée Honore de Balzac',118,'Boulevard Bessieres',17),(142322,'Loisir',0,0,0,0,0,0,0,'Lycée Honore de Balzac',118,'Boulevard Bessieres',17),(142323,'Compétition',0,0,0,0,0,0,0,'Lycée Honore de Balzac',118,'Boulevard Bessieres',17),(142325,'Compétition',0,0,0,0,0,0,0,'College Stephane Mallarme',29,'Rue de La Jonquiere',17),(142326,'Loisir',0,0,0,0,0,0,0,'College Pierre de Ronsard',140,'Avenue de Wagram',17),(142327,'Compétition',1,0,0,1,0,0,1,'College Boris Vian',76,'Boulevard Berthier',17),(142329,'Loisir',0,0,0,0,0,0,0,'Lycee Carnot',145,'Boulevard Malesherbes',17),(142334,'Loisir',0,0,0,0,0,0,0,'Lycee Carnot',145,'Boulevard Malesherbes',17),(142335,'Loisir',0,0,0,0,0,0,0,'College Andre Malraux',5,'Rue Saint Ferdinand',17),(142336,'Loisir',0,0,0,0,0,0,0,'College Sainte Ursule - Louise de Bettignies',102,'Boulevard Pereire',17),(142337,'Loisir',0,0,0,0,0,0,0,'College Sainte Ursule - Louise de Bettignies',102,'Boulevard Pereire',17),(142338,'Loisir',0,0,0,0,0,0,0,'College Sainte Ursule - Louise de Bettignies',102,'Boulevard Pereire',17),(142340,'Loisir',0,0,0,0,0,0,0,'I.U.F.M',56,'Boulevard Des Batignolles',17),(142341,'Loisir',0,0,0,0,0,0,0,'I.U.F.M',56,'Boulevard Des Batignolles',17),(142342,'Loisir',0,0,0,0,0,0,0,'I.U.F.M',56,'Boulevard Des Batignolles',17),(142343,'Loisir',0,0,0,0,0,0,0,'I.U.F.M',56,'Boulevard Des Batignolles',17),(142345,'Loisir',1,0,0,0,0,0,0,'Skate Park Des Batignolles',146,'Rue Cardinet',17),(142348,'Loisir',1,0,0,0,0,0,0,'Indy Bowling Paris Porte de La Chapelle',6,'Avenue de La Porte de La Chapelle',18),(142350,'Loisir',1,0,0,0,0,0,0,'Centre Sportif Bertrand Dauvin',12,'Rue Rene Binet',18),(142352,'Loisir',0,0,0,0,0,0,0,'Centre Sportif Bertrand Dauvin',12,'Rue Rene Binet',18),(142353,'Loisir',0,0,0,0,0,0,0,'Centre Sportif Bertrand Dauvin',12,'Rue Rene Binet',18),(142354,'Loisir',0,0,0,0,0,0,0,'Centre Sportif Bertrand Dauvin',12,'Rue Rene Binet',18),(142355,'Loisir',0,0,0,0,0,0,0,'Centre Sportif Bertrand Dauvin',12,'Rue Rene Binet',18),(142356,'Compétition',1,1,1,1,0,1,1,'Centre Sportif Bertrand Dauvin',12,'Rue Rene Binet',18),(142357,'Loisir',1,1,1,1,0,1,1,'Centre Sportif Bertrand Dauvin',12,'Rue Rene Binet',18),(142358,'Loisir',0,0,0,0,0,0,0,'Centre Sportif Bertrand Dauvin',12,'Rue Rene Binet',18),(142359,'Compétition',0,0,0,0,0,0,0,'Centre Sportif Bertrand Dauvin',12,'Rue Rene Binet',18),(142360,'Loisir',0,0,0,0,0,0,0,'Centre Sportif Bertrand Dauvin',12,'Rue Rene Binet',18),(142361,'Loisir',0,0,0,0,0,0,0,'Centre Sportif Bertrand Dauvin',12,'Rue Rene Binet',18),(142363,'Loisir',0,0,0,0,0,0,0,'Centre Sportif Bertrand Dauvin',12,'Rue Rene Binet',18),(142364,'Loisir',1,0,0,0,0,0,0,'Centre Sportif Poissonniers',2,'Rue Jean Cocteau',18),(142366,'Compétition',1,0,0,0,0,0,0,'Centre Sportif Poissonniers',2,'Rue Jean Cocteau',18),(142367,'Loisir',0,0,0,0,0,0,0,'Centre Sportif Poissonniers',2,'Rue Jean Cocteau',18),(142369,'Compétition',1,0,0,0,0,0,0,'Centre Sportif Poissonniers',2,'Rue Jean Cocteau',18),(142370,'Compétition',1,0,0,0,0,0,0,'Centre Sportif Poissonniers',2,'Rue Jean Cocteau',18),(142372,'Loisir',1,0,0,0,0,0,0,'Centre Sportif Poissonniers',2,'Rue Jean Cocteau',18),(142373,'Compétition',1,0,0,0,0,0,0,'Centre Sportif Poissonniers',2,'Rue Jean Cocteau',18),(142374,'Loisir',1,0,0,1,0,0,1,'Centre Sportif Championnet',172,'Rue Championnet',18),(142375,'Loisir',0,0,0,0,0,0,0,'Centre Sportif Championnet',172,'Rue Championnet',18),(142376,'Loisir',0,0,0,0,0,0,0,'Centre Sportif Championnet',172,'Rue Championnet',18),(142377,'Loisir',0,0,0,0,0,0,0,'Centre Sportif Championnet',172,'Rue Championnet',18),(142378,'Compétition',0,0,0,0,0,0,0,'Centre Sportif Championnet',172,'Rue Championnet',18),(142379,'Loisir',0,0,0,1,0,0,1,'Les Cercles de La Forme Ornano',127,'Rue Du Mont Cenis',18),(142381,'Loisir',1,0,0,1,0,0,1,'Les Cercles de La Forme Ornano',127,'Rue Du Mont Cenis',18),(142382,'Loisir',0,0,0,1,0,0,1,'Les Cercles de La Forme Ornano',127,'Rue Du Mont Cenis',18),(142383,'Loisir',0,0,0,0,0,0,0,'Gymnase Des Amiraux',17,'Rue Des Amiraux',18),(142384,'Loisir',0,0,0,0,0,0,0,'Gymnase Des Amiraux',17,'Rue Des Amiraux',18),(142385,'Compétition',0,0,0,0,1,0,0,'Piscine Municipale Des Amiraux',6,'Rue Hermann Lachapelle',18),(142386,'Loisir',1,0,0,0,0,0,0,'Boulodrome Boucry',6,'Rue Boucry',18),(142388,'Loisir',0,0,0,0,0,0,0,'Stade Porte de La Chapelle',56,'Boulevard Ney',18),(142392,'Loisir',0,0,0,0,0,0,0,'Centre Sportif Des Fillettes',54,'Boulevard Ney',18),(142395,'Compétition',0,0,0,0,0,0,0,'Centre Sportif Des Fillettes',54,'Boulevard Ney',18),(142398,'Loisir',1,0,0,1,0,0,1,'Centre Sportif de La Goutte D\'Or',12,'Rue de La Goutte D\'Or',18),(142401,'Loisir',0,0,0,0,0,0,0,'Gymnase Lepic',45,'Rue Durantin',18),(142402,'Loisir',0,1,1,0,0,1,0,'Salles de Sports Ney',103,'Boulevard Ney',18),(142403,'Compétition',1,0,0,1,0,0,1,'Salles de Sports Ney',103,'Boulevard Ney',18),(142405,'Loisir',0,0,0,0,0,0,0,'Gymnase Ronsard',2,'Rue Ronsard',18),(142406,'Loisir',0,0,0,0,0,0,0,'Gymnase Ronsard',2,'Rue Ronsard',18),(142410,'Loisir',1,0,0,1,0,0,1,'Centre Sportif Tristan Tzara (Evangile)',11,'Rue Tristan Tzara',18),(142411,'Compétition',1,0,0,1,0,0,1,'Centre Sportif Tristan Tzara (Evangile)',11,'Rue Tristan Tzara',18),(142415,'Loisir',0,0,0,0,0,0,0,'Club Montmartois',60,'Rue Ordener',18),(142416,'Loisir',0,0,0,0,0,0,0,'Club Montmartois',60,'Rue Ordener',18),(142417,'Loisir',0,0,0,0,0,0,0,'Club Montmartois',60,'Rue Ordener',18),(142418,'Loisir',1,0,0,0,0,0,0,'Fitness Story',90,'Avenue de Saint Ouen',18),(142419,'Loisir',1,0,0,0,0,0,0,'Fitness Story',90,'Avenue de Saint Ouen',18),(142422,'Loisir',0,0,0,0,0,0,0,'Gada Fitness',45,'Rue de Clignancourt',18),(142424,'Loisir',0,0,0,0,0,0,0,'Cedec',83,'Rue Doudeauville',18),(142426,'Loisir',0,0,0,0,0,0,0,'Cedec',83,'Rue Doudeauville',18),(142427,'Loisir',0,0,0,0,0,0,0,'Squash Club Montmartre',14,'Rue Achille Martinet',18),(142434,'Loisir',0,0,0,0,0,0,0,'Rencontres Internationales Danse Contemporaine',104,'Boulevard de Clichy',18),(142436,'Loisir',0,0,0,0,0,0,0,'Rencontres Internationales Danse Contemporaine',104,'Boulevard de Clichy',18),(142439,'Compétition',1,0,0,0,0,0,0,'Association Nationale de Tir de La Police',56,'Boulevard Ney',18),(142441,'Compétition',0,0,0,0,0,0,0,'Dojo La Chapelle',21,'Rue de La Chapelle',18),(142442,'Loisir',0,0,0,0,0,0,0,'Gymnase Des Poisonniers',151,'Rue Des Poissonniers',18),(142443,'Compétition',0,0,0,0,0,0,0,'Gymnase Des Poisonniers',151,'Rue Des Poissonniers',18),(142445,'Loisir',1,0,0,1,0,0,1,'Centre D\'Animation Binet',26,'Avenue de La Porte Montmartre',18),(142447,'Loisir',1,0,0,0,0,0,0,'Square Marcel Sembat',2,'Rue Marcel Sembat',18),(142448,'Loisir',1,0,0,0,0,0,0,'Square Sainte Helene',43,'Rue Letort',18),(142449,'Loisir',0,0,0,0,0,0,0,'Hopital Bichat - Apsap',46,'Rue Henri Huchard',18),(142450,'Loisir',0,0,0,0,0,0,0,'Hopital Bichat - Apsap',46,'Rue Henri Huchard',18),(142453,'Loisir',0,0,0,0,0,0,0,'Centre D\'Animation Hebert',12,'Rue Des Fillettes',18),(142459,'Loisir',0,0,0,0,0,0,0,'Lycee Auguste Renoir',24,'Rue Ganneron',18),(142463,'Loisir',0,0,0,0,0,0,0,'Square Raymond Queneau',22,'Rue Raymond Queneau',18),(142465,'Loisir',1,0,0,1,0,0,0,'College Marie Curie',21,'Rue Boinod',18),(142466,'Loisir',1,0,0,1,0,0,1,'College Marie Curie',21,'Rue Boinod',18),(142467,'Loisir',0,0,0,0,0,0,0,'Ecole Saint Vincent',8,'Rue Championnet',18),(142468,'Loisir',0,0,0,0,0,0,0,'College Coysevox',16,'Rue Coysevox',18),(142469,'Loisir',0,0,0,0,0,0,0,'Groupe Scolaire Saint Jean de Montmartre',31,'Rue Caulaincourt',18),(142478,'Loisir',0,0,0,0,0,0,0,'Centre Sportif Edouard Pailleron',24,'Rue Edouard Pailleron',19),(142479,'Loisir',0,0,0,0,0,0,0,'Centre Sportif Edouard Pailleron',24,'Rue Edouard Pailleron',19),(142480,'Loisir',0,0,0,0,0,0,0,'Centre Sportif Edouard Pailleron',24,'Rue Edouard Pailleron',19),(142488,'Compétition',1,0,0,0,0,0,0,'Centre Sportif Jules Ladoumegue',39,'Route Des Petits Ponts',19),(142489,'Loisir',1,0,0,0,0,0,0,'Centre Sportif Jules Ladoumegue',39,'Route Des Petits Ponts',19),(142491,'Loisir',1,0,0,0,0,0,0,'Centre Sportif Jules Ladoumegue',39,'Route Des Petits Ponts',19),(142492,'Compétition',1,0,0,0,0,0,0,'Centre Sportif Jules Ladoumegue',39,'Route Des Petits Ponts',19),(142493,'Loisir',1,0,0,0,0,0,0,'Centre Sportif Jules Ladoumegue',39,'Route Des Petits Ponts',19),(142494,'Compétition',1,0,0,0,0,0,0,'Centre Sportif Jules Ladoumegue',39,'Route Des Petits Ponts',19),(142495,'Loisir',1,0,0,0,0,0,0,'Centre Sportif Jules Ladoumegue',39,'Route Des Petits Ponts',19),(142496,'Loisir',1,0,0,1,0,0,1,'Centre Sportif Jules Ladoumegue',39,'Route Des Petits Ponts',19),(142497,'Loisir',1,0,0,1,0,0,1,'Tep Jandelle',15,'Cite Jandelle',19),(142498,'Loisir',0,0,0,0,0,0,0,'Les Cercles de La Forme Bolivar',108,'Avenue Simon Bolivar',19),(142500,'Loisir',0,0,0,0,0,0,0,'Les Cercles de La Forme Bolivar',108,'Avenue Simon Bolivar',19),(142502,'Loisir',1,0,0,0,0,0,0,'Gymnase Archereau',61,'Rue Archereau',19),(142503,'Loisir',1,0,0,0,0,0,0,'Gymnase Archereau',61,'Rue Archereau',19),(142504,'Loisir',0,0,0,0,0,0,0,'Tep Archereau',26,'Rue Archereau',19),(142505,'Loisir',0,0,0,0,1,0,0,'Centre Sportif Ecole Atlas',18,'Rue de L\'Atlas',19),(142509,'Loisir',1,0,0,0,0,0,0,'Tep Barbanegre',12,'Rue Barbanegre',19),(142511,'Loisir',1,0,0,0,0,0,0,'College-Lycee Bergson',27,'Rue Edouard Pailleron',19),(142512,'Loisir',1,0,0,0,0,0,0,'College-Lycee Bergson',27,'Rue Edouard Pailleron',19),(142514,'Compétition',1,0,0,0,0,0,0,'College-Lycee Bergson',27,'Rue Edouard Pailleron',19),(142518,'Loisir',1,0,0,0,0,0,0,'College-Lycee Bergson',27,'Rue Edouard Pailleron',19),(142519,'Loisir',1,0,0,0,0,0,0,'College-Lycee Bergson',27,'Rue Edouard Pailleron',19),(142520,'Loisir',1,0,0,0,0,0,0,'Centre Sportif Chaumont',22,'Avenue de La Porte Chaumont',19),(142522,'Loisir',1,0,0,0,0,0,0,'Centre Sportif Chaumont',22,'Avenue de La Porte Chaumont',19),(142523,'Compétition',1,0,0,0,0,0,0,'Centre Sportif Chaumont',22,'Avenue de La Porte Chaumont',19),(142524,'Loisir',1,0,0,0,0,0,0,'Centre Sportif Chaumont',22,'Avenue de La Porte Chaumont',19),(142525,'Loisir',1,0,0,0,0,0,0,'Centre Sportif Chaumont',22,'Avenue de La Porte Chaumont',19),(142526,'Loisir',1,0,0,0,0,0,0,'Salles de Sport Chaumont Lepage',15,'Rue Chaumont',19),(142528,'Loisir',1,0,0,0,0,0,0,'Salles de Sport Chaumont Lepage',15,'Rue Chaumont',19),(142529,NULL,1,0,0,0,0,0,0,'Gymnase Curial',84,'Rue Curial',19),(142531,'Loisir',1,0,0,0,0,0,0,'Centre Sportif Hautpoul',48,'Rue D\'Hautpoul',19),(142532,'Loisir',1,0,0,0,0,0,0,'Centre Sportif Hautpoul',48,'Rue D\'Hautpoul',19),(142533,'Loisir',1,0,0,0,0,0,0,'Centre Sportif Hautpoul',48,'Rue D\'Hautpoul',19),(142534,'Loisir',1,0,0,0,0,0,0,'Centre Sportif Hautpoul',48,'Rue D\'Hautpoul',19),(142537,'Loisir',0,0,0,0,0,0,0,'Gymnase Jean Jaures',87,'Avenue Jean Jaures',19),(142539,'Loisir',0,0,0,0,0,0,0,'Centre Sportif Des Lilas',5,'Rue Des Lilas',19),(142541,'Loisir',0,0,0,0,0,0,0,'Centre Sportif Des Lilas',5,'Rue Des Lilas',19),(142543,'Loisir',1,0,0,1,0,0,1,'Centre Sportif Mathis',11,'Rue Mathis',19),(142544,'Loisir',1,1,1,1,0,1,1,'Centre Sportif Mathis',11,'Rue Mathis',19),(142545,'Loisir',1,1,1,1,0,1,1,'Centre Sportif Mathis',11,'Rue Mathis',19),(142546,'Loisir',1,0,0,1,0,0,1,'Centre Sportif Mathis',11,'Rue Mathis',19),(142549,'Loisir',0,0,0,0,0,0,0,'Tep Pierre Reverdy',4,'Rue Pierre Reverdy',19),(142553,'Loisir',0,0,0,0,0,0,0,'Gymnase Tandou',11,'Rue Tandou',19),(142554,'Loisir',0,0,0,0,0,0,0,'Tep Tandou',16,'Rue Tandou',19),(142556,'Loisir',0,0,0,0,0,0,0,'Sacamp',75,'Rue Ourcq',19),(142558,'Compétition',0,0,0,0,0,0,0,'Enjoy By Fkc',36,'Rue de Nantes',19),(142559,'Loisir',0,0,0,0,0,0,0,'Enjoy By Fkc',36,'Rue de Nantes',19),(142561,'Loisir',0,0,0,0,0,0,0,'Azteca Club',36,'Rue de Crimee',19),(142562,'Loisir',0,0,0,0,0,0,0,'Azteca Club',36,'Rue de Crimee',19),(142565,'Loisir',1,0,0,0,0,0,0,'Atelier Choregraphique',19,'Allee Eiders',19),(142569,'Loisir',0,0,0,0,0,0,0,'Generation Tao Association',144,'Boulevard de La Villette',19),(142570,'Loisir',0,0,0,0,0,0,0,'Anjaliom',144,'Boulevard de La Villette',19),(142571,'Loisir',0,0,0,0,0,0,0,'La Casa Del Tango',11,'Allee Darius Milhaud',19),(142573,'Compétition',1,0,0,0,0,0,0,'Centre Equestre de La Villette',9,'Boulevard Macdonald',19),(142575,'Compétition',1,0,0,1,1,0,1,'Piscine Georges Hermant',6,'Rue David D\'Anger',19),(142576,'Loisir',1,0,0,1,0,0,1,'Piscine Georges Hermant',6,'Rue David D\'Anger',19),(142577,'Loisir',0,0,0,0,0,0,0,'Rem Gym',72,'Rue de Romainville',19),(142578,'Loisir',0,0,0,0,0,0,0,'Rem Gym',72,'Rue de Romainville',19),(142579,'Loisir',0,0,0,0,0,0,0,'Rem Gym',72,'Rue de Romainville',19),(142582,'Loisir',1,0,0,0,0,0,0,'Centre D\'Animation Clavel',26,'Rue Clavel',19),(142583,'Loisir',1,0,0,0,0,0,0,'Centre D\'Animation Mathis',15,'Rue Mathis',19),(142584,'Loisir',0,0,0,0,0,0,0,'College Claude Chappe',9,'Rue Des Alouettes',19),(142585,'Loisir',0,0,0,0,0,0,0,'College Claude Chappe',9,'Rue Des Alouettes',19),(142586,'Loisir',0,0,0,0,0,0,0,'College Claude Chappe',9,'Rue Des Alouettes',19),(142587,'Loisir',0,0,0,0,0,0,0,'College Claude Chappe',9,'Rue Des Alouettes',19),(142588,'Loisir',0,0,0,0,0,0,0,'College G. Melies',45,'Rue de Tanger',19),(142589,'Loisir',0,0,0,0,0,0,0,'College Saint Georges',19,'Rue Bouret',19),(142590,'Loisir',0,0,0,0,0,0,0,'College Saint Georges',19,'Rue Bouret',19),(142591,'Loisir',0,0,0,0,0,0,0,'College Saint Georges',19,'Rue Bouret',19),(142592,'Loisir',0,0,0,0,0,0,0,'Lycee L\'Initiative',24,'Rue Bouret',19),(142593,'Loisir',0,0,0,0,0,0,0,'Lycee Jacquard',2,'Rue Bouret',19),(142594,'Loisir',1,0,0,0,0,0,1,'Ecole Lucien de Hirch',70,'Avenue Secretan',19),(142596,'Loisir',0,0,0,0,0,0,0,'College Charles Peguy',69,'Avenue Simon Bolivar',19),(142597,'Loisir',0,0,0,0,0,0,0,'College Charles Peguy',69,'Avenue Simon Bolivar',19),(142598,'Loisir',0,0,0,0,0,0,0,'Lycee Professionnel Et Technique Jules Richard',21,'Rue Carducci',19),(142603,'Loisir',1,0,0,0,0,0,0,'Square Petit',25,'Rue Petit',19),(142606,'Loisir',0,0,0,0,0,0,0,'Lycee Hector Guimard',19,'Rue Curial',19),(142608,'Loisir',1,0,0,0,0,0,0,'College Guillaume Bude',7,'Rue Jean Quarre',19),(142609,'Loisir',1,0,0,0,0,0,0,'College Guillaume Bude',7,'Rue Jean Quarre',19),(142610,'Compétition',1,0,0,0,0,0,0,'College Guillaume Bude',7,'Rue Jean Quarre',19),(142611,'Loisir',0,0,0,0,0,0,0,'College Georges Rouault',3,'Rue Du Noyer Durand',19),(142612,'Loisir',0,0,0,0,0,0,0,'College Georges Rouault',3,'Rue Du Noyer Durand',19),(142614,'Compétition',0,0,0,0,0,0,0,'College Edmond Michelet',70,'Rue de L\'Ourcq',19),(142615,'Loisir',0,0,0,0,0,0,0,'College Edmond Michelet',70,'Rue de L\'Ourcq',19),(142616,'Compétition',1,0,0,0,0,0,0,'Lycee - College Beth Anna',49,'Rue Petit',19),(142617,'Loisir',1,0,0,1,0,0,1,'Cmg Sport Club',63,'Rue de Bagnolet',20),(142618,'Loisir',1,0,0,1,0,0,1,'Cmg Sport Club',63,'Rue de Bagnolet',20),(142619,'Loisir',1,0,0,1,0,0,1,'Cmg Sport Club',63,'Rue de Bagnolet',20),(142620,'Loisir',1,0,0,1,0,0,1,'Cmg Sport Club',63,'Rue de Bagnolet',20),(142623,'Loisir',1,0,0,0,0,0,0,'Centre Sportif Davout',134,'Boulevard Davout',20),(142624,'Loisir',0,0,0,0,0,0,0,'Centre Sportif Davout',134,'Boulevard Davout',20),(142625,'Loisir',1,0,0,0,0,0,0,'Centre Sportif Davout',134,'Boulevard Davout',20),(142626,'Loisir',0,0,0,0,0,0,0,'Centre Sportif de La Porte de Bagnolet',72,'Rue Louis Lumiere',20),(142627,'Loisir',1,0,0,0,0,0,0,'Centre Sportif de La Porte de Bagnolet',72,'Rue Louis Lumiere',20),(142628,'Compétition',1,0,0,0,0,0,0,'Centre Sportif de La Porte de Bagnolet',72,'Rue Louis Lumiere',20),(142631,'Compétition',1,0,0,1,0,0,1,'Centre Sportif Louis Lumiere',30,'Rue Louis Lumiere',20),(142632,'Compétition',1,0,0,1,0,0,1,'Centre Sportif Louis Lumiere',30,'Rue Louis Lumiere',20),(142633,'Loisir',0,0,0,0,0,0,0,'Centre Sportif Louis Lumiere',30,'Rue Louis Lumiere',20),(142634,'Loisir',1,0,0,1,0,0,1,'Centre Sportif Louis Lumiere',30,'Rue Louis Lumiere',20),(142636,'Loisir',1,0,0,0,0,0,0,'Centre Sportif Louis Lumiere',30,'Rue Louis Lumiere',20),(142637,'Compétition',1,0,0,1,0,0,1,'Centre Sportif Louis Lumiere',30,'Rue Louis Lumiere',20),(142638,'Loisir',1,0,0,0,0,0,0,'Centre Sportif Louis Lumiere',30,'Rue Louis Lumiere',20),(142639,'Compétition',1,0,0,0,0,0,0,'Centre Sportif Louis Lumiere',30,'Rue Louis Lumiere',20),(142640,'Compétition',0,0,0,0,0,0,0,'Centre Sportif Louis Lumiere',30,'Rue Louis Lumiere',20),(142641,'Compétition',0,0,0,0,0,0,0,'Centre Sportif Des Docteurs Dejerine',34,'Rue Des Docteurs Dejerine',20),(142642,'Compétition',0,0,0,0,0,0,0,'Centre Sportif Des Docteurs Dejerine',34,'Rue Des Docteurs Dejerine',20),(142643,'Loisir',0,0,0,0,0,0,0,'Centre Sportif Des Docteurs Dejerine',34,'Rue Des Docteurs Dejerine',20),(142644,'Compétition',0,0,0,0,0,0,0,'Centre Sportif Des Docteurs Dejerine',34,'Rue Des Docteurs Dejerine',20),(142645,'Compétition',0,0,0,0,0,0,0,'Centre Sportif Des Docteurs Dejerine',34,'Rue Des Docteurs Dejerine',20),(142646,'Compétition',1,0,0,1,0,0,1,'Tep Amandiers',21,'Rue Des Cendriers',20),(142647,'Compétition',1,0,0,1,0,0,1,'Tep Amandiers',21,'Rue Des Cendriers',20),(142648,'Loisir',1,0,0,1,0,0,1,'Tep Amandiers',21,'Rue Des Cendriers',20),(142649,'Loisir',1,0,0,1,0,0,1,'Tep Amandiers',21,'Rue Des Cendriers',20),(142652,'Compétition',0,0,0,0,0,0,0,'Gymnase Bretonneau',7,'Rue Bretonneau',20),(142653,'Loisir',0,0,0,0,0,0,0,'Gymnase Bretonneau',7,'Rue Bretonneau',20),(142656,'Loisir',1,0,0,0,0,0,0,'Tep Des Haies',47,'Rue Des Haies',20),(142658,'Compétition',0,0,0,0,0,0,0,'Centre Sportif Lagny',19,'Rue Lagny',20),(142659,'Compétition',0,0,0,0,0,0,0,'Centre Sportif Lagny',19,'Rue Lagny',20),(142660,'Loisir',0,0,0,0,0,0,0,'Centre Sportif Lagny',19,'Rue Lagny',20),(142661,'Compétition',1,0,0,1,0,0,1,'Gymnase Le Vau',36,'Rue Le Vau',20),(142662,'Loisir',0,0,0,0,1,0,0,'Bassin Ecole Louis Lumiere',34,'Rue Louis Lumiere',20),(142664,'Compétition',1,0,0,1,0,0,1,'Centre Sportif Maryse Hilsz',34,'Rue Maryse Hilsz',20),(142665,'Compétition',1,0,0,1,0,0,1,'Centre Sportif Maryse Hilsz',34,'Rue Maryse Hilsz',20),(142666,'Compétition',1,0,0,1,0,0,1,'Centre Sportif Maryse Hilsz',34,'Rue Maryse Hilsz',20),(142667,'Compétition',1,0,0,1,0,0,1,'Centre Sportif Maryse Hilsz',34,'Rue Maryse Hilsz',20),(142668,'Loisir',1,0,0,1,0,0,1,'Centre Sportif Maryse Hilsz',34,'Rue Maryse Hilsz',20),(142669,'Loisir',1,0,0,1,0,0,1,'Centre Sportif Maryse Hilsz',34,'Rue Maryse Hilsz',20),(142670,'Compétition',1,0,0,1,0,0,1,'Centre Sportif Maryse Hilsz',34,'Rue Maryse Hilsz',20),(142673,'Loisir',0,0,0,0,0,0,0,'Gymnase Des Orteaux',89,'Rue Des Orteaux',20),(142675,'Compétition',1,0,0,1,0,0,1,'Gymnase Pelleport',162,'Rue Pelleport',20),(142676,'Loisir',1,0,0,1,0,0,1,'Gymnase Pelleport',162,'Rue Pelleport',20),(142677,'Compétition',0,0,0,0,0,0,0,'Gymnase Des Pyrenees',35,'Rue Des Rigoles',20),(142685,'Loisir',1,0,0,1,0,0,1,'Centre de Ligue - Paris Est Les Lilas',43048,'Rue Des Freres Flavien',20),(142686,'Loisir',1,0,0,1,0,0,1,'Centre de Ligue - Paris Est Les Lilas',43048,'Rue Des Freres Flavien',20),(142687,'Loisir',0,0,0,0,0,0,0,'Centre D\'Animation Les Amandiers',110,'Rue Des Amandiers',20),(142689,'Loisir',0,0,0,0,0,0,0,'Centre D\'Animation Les Amandiers',110,'Rue Des Amandiers',20),(142691,'Loisir',0,0,0,0,0,0,0,'Centre D\'Animation Les Amandiers',110,'Rue Des Amandiers',20),(142692,'Loisir',0,0,0,0,0,0,0,'Gymnase Gerard Henri',20,'Rue Monte Cristo',20),(142693,'Loisir',0,0,0,0,0,0,0,'Gymnase Gerard Henri',20,'Rue Monte Cristo',20),(142698,'Loisir',1,0,0,0,0,0,0,'Square Severine',1,'Av. de La Porte de Bagnolet Boulevard Moutier',20),(142705,'Loisir',1,0,0,0,0,0,0,'Centre D\'Animation Louis Lumiere',46,'Rue Louis Lumiere',20),(142708,'Loisir',1,0,0,0,0,0,0,'Jardin de La Gare de Charonne',63,'Bd Davout 68 Rue Volga',20),(142710,'Compétition',0,0,0,0,0,0,0,'College Francoise Dolto',354,'Rue Des Pyrenees',20),(142711,'Loisir',0,0,0,0,0,0,0,'College Lucie Faure',40,'Rue Des Pyrenees',20),(142712,'Loisir',0,0,0,0,0,0,0,'Annexe College Lucie Faure',10,'Rue Cristino Garcia',20),(142713,'Loisir',0,0,0,0,0,0,0,'Annexe College Lucie Faure',10,'Rue Cristino Garcia',20),(142714,'Loisir',1,0,0,1,0,0,1,'Cite Scolaire Helene Boucher',75,'Cours de Vincennes',20),(142715,'Loisir',1,0,0,1,0,0,1,'Cite Scolaire Helene Boucher',75,'Cours de Vincennes',20),(142716,'Loisir',0,0,0,0,0,0,0,'Cite Scolaire Helene Boucher',75,'Cours de Vincennes',20),(142717,'Compétition',1,0,0,1,0,0,1,'Cite Scolaire Helene Boucher',75,'Cours de Vincennes',20),(142718,'Loisir',1,0,0,1,0,0,1,'Cite Scolaire Helene Boucher',75,'Cours de Vincennes',20),(142719,'Compétition',1,0,0,1,0,0,1,'Cite Scolaire Helene Boucher',75,'Cours de Vincennes',20),(142720,'Loisir',1,0,0,1,0,0,1,'Cite Scolaire Helene Boucher',75,'Cours de Vincennes',20),(142721,'Loisir',0,0,0,0,0,0,0,'College Jean Perin',6,'Eugene Reisz',20),(142722,'Loisir',1,0,0,1,0,0,1,'College Saint Blaise',4,'Rue Galleron',20),(142723,'Loisir',1,0,0,1,0,0,1,'College Saint Blaise',4,'Rue Galleron',20),(142724,'Compétition',1,0,0,1,0,0,1,'College Saint Blaise',4,'Rue Galleron',20),(142725,'Loisir',1,0,0,1,0,0,1,'College Saint Blaise',4,'Rue Galleron',20),(142726,'Loisir',1,0,0,0,0,0,0,'College Robert Doisneau',51,'Rue Des Panoyaux',20),(142727,'Loisir',1,0,0,0,0,0,0,'College Robert Doisneau',51,'Rue Des Panoyaux',20),(142728,'Loisir',0,0,0,0,0,0,0,'Lycee Charles de Gaulle',17,'Rue Ligner',20),(142731,'Loisir',0,0,0,0,0,0,0,'Lycee College Maurice Ravel',89,'Cours de Vincennes',20),(142732,'Loisir',0,0,0,0,0,0,0,'Lycee College Maurice Ravel',89,'Cours de Vincennes',20),(142733,'Loisir',0,0,0,0,0,0,0,'Lycee College Maurice Ravel',89,'Cours de Vincennes',20),(142735,'Loisir',0,0,0,0,0,0,0,'Lycee College Maurice Ravel',89,'Cours de Vincennes',20),(142737,'Loisir',0,0,0,0,0,0,0,'Lycee College Maurice Ravel',89,'Cours de Vincennes',20),(142739,'Loisir',1,0,0,0,0,0,0,'Square Repine',4,'Rue Felix Huguenet',20),(142740,'Loisir',0,0,0,0,0,0,0,'Ensemble Scolaire Saint Germain de Charonne La Salle',3,'Rue Des Prairies',20),(142741,'Loisir',0,0,0,0,0,0,0,'Ensemble Scolaire Saint Germain de Charonne La Salle',3,'Rue Des Prairies',20),(142742,'Loisir',0,0,0,0,0,0,0,'Etablissement Sainte Louise',29,'Rue Des Envierges',20),(142743,'Loisir',0,0,0,0,0,0,0,'Etablissement Sainte Louise',29,'Rue Des Envierges',20),(142745,'Loisir',1,0,0,0,0,0,0,'Jardin Naturel',12,'Rue de Lesseps',20),(142746,'Loisir',0,0,0,0,0,0,0,'College Jean Baptiste Clement',26,'Rue Henri Chevreau',20),(142748,'Loisir',1,0,0,0,0,0,0,'College Leon Gambetta',149,'Avenue Gambetta',20),(142750,'Loisir',0,0,0,0,0,0,0,'Cite Scolaire Notre Dame de Lourdes',16,'Rue Taclet',20),(142751,'Loisir',0,0,0,0,0,0,0,'Cite Scolaire Notre Dame de Lourdes',16,'Rue Taclet',20),(142752,'Loisir',0,0,0,0,0,0,0,'College Pierre Mendes France',24,'Rue Le Vau',20),(142753,'Compétition',0,0,0,0,0,0,0,'College Pierre Mendes France',24,'Rue Le Vau',20),(142754,'Compétition',0,0,0,0,0,0,0,'College Pierre Mendes France',24,'Rue Le Vau',20),(142755,'Loisir',0,0,0,0,0,0,0,'College Pierre Mendes France',24,'Rue Le Vau',20),(142756,'Loisir',0,0,0,0,0,0,0,'College Pierre Mendes France',24,'Rue Le Vau',20),(219901,'Loisir',0,0,0,0,0,0,0,'Salle Des Sports Du Ministere de L\'Interieur',11,'Rue Des Saussaies',8),(219914,'Loisir',0,0,0,0,0,0,0,'Salle Des Sports Du Ministere de L\'Interieur',11,'Rue Des Saussaies',8),(274719,'Loisir',1,0,0,1,0,0,1,'Gymnase de L\'Orillon - Maurice Berlmont',22,'Rue de L\'Orillon',11),(279432,'Loisir',0,0,0,0,0,0,0,'Gyrotonique Studio',83,'Rue Vaneau',7),(279433,'Loisir',0,0,0,0,0,0,0,'Gyrotonique Studio',83,'Rue Vaneau',7),(279446,'Loisir',0,0,0,0,0,0,0,'Easy Shape Institut',95,'Boulevard Haussman',8),(279447,'Loisir',0,0,0,0,0,0,0,'Automobile Club de France (Acf)',6,'Place de La Concorde',8),(279503,'Loisir',1,0,0,1,0,0,1,'Les Bains de Lea',62,'Pierre Charon',8),(279506,'Loisir',1,0,0,1,1,0,1,'Les Bains de Lea',62,'Pierre Charon',8),(279513,'Compétition',1,0,0,1,0,0,1,'Gymnase Alice Milliat',11,'Rue D\'Alesia',14),(279565,'Loisir',0,0,0,1,0,0,1,'Paris Anim\' Montgallet',4,'Passage Stinville',12),(279589,'Compétition',1,1,1,1,0,1,1,'Gymnase Reuilly',43,'Allée Vivaldi',12),(279590,'Loisir',1,1,1,1,0,1,1,'Gymnase Reuilly',43,'Allée Vivaldi',12),(279707,'Loisir',1,0,0,1,0,0,1,'L\'Usine',8,'Rue de La Michodière',2),(279710,'Loisir',1,0,0,1,0,0,1,'L\'Usine',8,'Rue de La Michodière',2),(279711,'Loisir',1,0,0,1,0,0,1,'L\'Usine',8,'Rue de La Michodière',2),(279715,'',1,0,0,1,0,0,1,'L\'Usine',8,'Rue de La Michodière',2),(279716,'Loisir',0,0,0,0,0,0,0,'Danse Pilates',18,'Passage de La Main D\'Or',11),(279717,'Loisir',0,0,0,0,0,0,0,'Danse Pilates',18,'Passage de La Main D\'Or',11),(279718,'Loisir',0,0,0,0,0,0,0,'Lady Fitness',131,'Rue Cardinet',17),(279766,'Loisir',0,0,0,0,0,0,0,'Core Body Pilates',76,'Rue Des Saints Peres',7),(279833,'Loisir',0,0,0,0,0,0,0,'Lady Fitness 15Éme Arrondissement',16,'Rue Borromée',15),(279960,'Loisir',1,1,1,1,0,1,1,'Centre D\'Animation Sohane',20,'Rue Georges Duhamel',15),(280056,'Loisir',0,0,0,0,0,0,0,'Element',16,'Rue de La Grande Chaumiere',6),(280058,'Loisir',0,0,0,0,0,0,0,'Element',16,'Rue de La Grande Chaumiere',6),(280060,'Loisir',0,0,0,0,0,0,0,'Centre Sportif Valeyre',24,'Rue de Rochechouart',9),(280076,'Loisir',0,0,0,0,0,0,0,'Fitness Sante',37,'Rue Saint Fargeau',20),(280077,'',0,0,0,0,0,0,0,'Fitness Sante',37,'Rue Saint Fargeau',20),(280079,'Loisir',0,0,0,0,0,0,0,'Fitness Sante',37,'Rue Saint Fargeau',20),(280080,'Loisir',0,0,0,0,0,0,0,'Fitness Sante',37,'Rue Saint Fargeau',20),(280180,'Loisir',0,0,0,0,0,0,0,'O\'Sport',4,'Boulevard Pasteur',15),(280251,'Loisir',1,1,1,1,0,1,1,'Espace Sportif Edouard Pailleron',30,'Rue Edouard Pailleron',19),(280427,'Loisir',1,0,0,1,0,0,1,'Centre D\'Animation Les Jonquieres',88,'Rue La Jonquière',17),(280432,'Loisir',1,0,0,1,0,0,1,'Centre D\'Animation Solidarité - Angèle Mercier',133,'Boulevard Sérurier',19),(280441,'Loisir',1,0,0,1,0,0,1,'Centre D\'Animation Solidarité - Angèle Mercier',133,'Boulevard Sérurier',19),(280707,'Loisir',1,0,0,1,0,0,1,'Lagardere Paris Racing',1,'Chemin de La Croix Catelan - Bois de Boulogne',16),(281285,'Loisir',0,0,0,0,0,0,0,'Gym Louvre',7,'Rue Du Louvre',1),(281294,'Loisir',1,0,0,1,0,0,1,'Centre D\'Animation Louis Lumiere-Annexe (Salle Serpollet)',26,'Rue Serpollet',20),(281301,'Compétition',0,0,0,1,0,0,1,'Gymnase Alice Milliat',11,'Rue D\'Alesia',14),(281340,'Loisir',0,0,0,0,0,0,0,'Ecole Salsabor',31,'Rue Chapon',3),(281342,'Loisir',1,0,0,1,0,0,1,'Lady Moving',179,'Rue Croix Nivert',15),(281343,'Loisir',1,0,0,1,0,0,1,'Lady Moving',179,'Rue Croix Nivert',15),(281353,'Loisir',1,0,0,0,0,0,0,'Tep Rue de L\'Ourcq',83,'Rue de L\'Ourcq',19),(281358,'Loisir',1,0,0,1,0,0,1,'Base Nautique de La Villette',41,'Quai de La Loire',19),(281451,'Loisir',0,0,0,1,0,0,1,'Espace Sportif Rosa Parks',2,'Rue Du Moulin Des Lapins',14),(281510,'Loisir',1,0,0,1,0,0,1,'Espace Sportif Rosa Parks',2,'Rue Du Moulin Des Lapins',14),(281512,'Compétition',1,0,0,1,0,0,1,'Espace Sportif Rosa Parks',2,'Rue Du Moulin Des Lapins',14),(281513,'Loisir',1,0,0,1,0,0,1,'Espace Sportif Rosa Parks',2,'Rue Du Moulin Des Lapins',14),(281515,'Loisir',0,0,0,1,0,0,1,'Lady Moving Saint Michel',123,'Boulevard Saint-Michel',5),(281517,'Loisir',0,0,0,0,0,0,0,'Centre Sportif Andre Chance',12,'Cour Debille',11),(281519,'Loisir',0,0,0,0,0,0,0,'Centre Sportif Andre Chance',12,'Cour Debille',11),(281611,'Loisir',1,0,0,1,0,0,1,'Ecole de Danse Kim Kan Studio Des Rigoles',46,'Rigoles',20),(282190,'Loisir',0,0,0,0,0,0,0,'Les Cercles de La Forme Bastille',80,'Rue Traversiere',12),(292247,'Loisir',0,0,0,0,0,0,0,'Rencontres Internationales Danse Contemporaine',104,'Boulevard de Clichy',18),(298733,'Loisir',1,1,1,1,0,1,1,'Complexe Sportif Alfred Nakache',43073,'Rue Denoyez',20),(298737,'Loisir',1,1,1,1,0,1,1,'Complexe Sportif Alfred Nakache',43073,'Rue Denoyez',20),(302114,'Compétition',1,0,0,1,0,0,1,'Insep',11,'Avenue Du Tremblay',12),(302115,'Loisir',1,0,0,1,0,0,1,'Insep',11,'Avenue Du Tremblay',12),(302116,'Compétition',1,0,0,1,0,0,1,'Insep',11,'Avenue Du Tremblay',12),(302117,'Compétition',1,0,0,1,0,0,1,'Insep',11,'Avenue Du Tremblay',12),(302118,'Compétition',1,0,0,1,0,0,1,'Insep',11,'Avenue Du Tremblay',12),(302120,'Compétition',1,0,0,1,0,0,1,'Insep',11,'Avenue Du Tremblay',12),(302121,'Compétition',1,0,0,1,0,0,1,'Insep',11,'Avenue Du Tremblay',12),(302122,'Compétition',1,0,0,1,1,0,1,'Insep',11,'Avenue Du Tremblay',12),(302123,'Compétition',1,0,0,1,1,0,1,'Insep',11,'Avenue Du Tremblay',12),(302974,'Compétition',1,0,0,1,0,0,1,'Insep',11,'Avenue Du Tremblay',12),(304202,'Compétition',1,0,0,0,0,0,1,'Centre Sportif Des Fillettes',54,'Boulevard Ney',18),(306153,'Loisir',1,0,0,0,0,0,0,'Skate Park de Bercy',1,'Boulevard de Bercy',12),(317714,'Loisir',1,0,0,1,0,0,0,'Asiem Bon Conseil',6,'Rue Albert de Lapparent',7),(317719,'Loisir',1,0,0,0,0,0,1,'Asiem Bon Conseil',6,'Rue Albert de Lapparent',7),(328315,'Loisir',0,0,0,0,0,0,0,'Hotel W Paris Opera',4,'Rue Meyerbeer',9),(335506,'Loisir',1,0,0,1,0,0,0,'Les Thermes - Hotel Royal Monceau',37,'Avenue Hoche',8),(335524,'Loisir',0,0,0,1,0,0,1,'Centre D\'Etude D\'Action Sociale Et Culturelle',23,'Rue de La Sourdiere',1),(335892,'Loisir',0,0,0,0,0,0,0,'Asiem Bon Conseil',6,'Rue Albert de Lapparent',7),(336316,'Compétition',1,1,1,1,0,1,1,'Centre Sportif Marie Paradis',5,'Rue Leon Schwarzenberg',10),(336317,'Compétition',1,1,1,1,0,1,1,'Centre Sportif Marie Paradis',5,'Rue Leon Schwarzenberg',10),(336529,'Compétition',1,1,1,1,0,1,1,'Centre Sportif Leo Lagrange',68,'Boulevard Poniatowski',12),(336555,'Loisir',0,0,0,0,0,0,0,'Cmg Sport Club Nation',16,'Rue Des Colonnes Du Trone',12),(336556,'Loisir',0,0,0,0,0,0,0,'Cmg Sport Club Nation',16,'Rue Des Colonnes Du Trone',12),(336586,'Loisir',1,0,0,1,0,0,1,'Squash Front de Seine',44,'Rue Emeriau',15),(336587,'Loisir',1,0,0,1,0,0,1,'Squash Front de Seine',44,'Rue Emeriau',15),(336609,'Loisir',0,0,0,0,0,0,0,'Centre Sportif Charles Rigoulot',18,'Avenue Porte de Brancion',15),(336622,'Loisir',1,0,0,0,0,0,0,'Tennis Jean Diximier-Apsap- Vp',19,'Rue Du General Malleterre',16),(336645,'Loisir',0,0,0,1,0,0,1,'Lady Moving Saint Michel',123,'Boulevard Saint-Michel',5),(336990,'Loisir',1,0,0,0,0,0,0,'Asptt Paris - Espace Sportif Brune',101,'Boulevard Brune',14),(338459,'Loisir',0,0,0,0,0,0,0,'Ecole Salsabor',31,'Rue Chapon',3),(338477,'Loisir',0,0,0,0,0,0,0,'Espace Form Oberkampf',160,'Rue Oberkampf',11),(338478,'Compétition',1,0,0,1,0,0,1,'Insep',11,'Avenue Du Tremblay',12),(338479,'Compétition',1,0,0,1,0,0,1,'Insep',11,'Avenue Du Tremblay',12),(338480,'Loisir',1,0,0,1,0,0,1,'Insep',11,'Avenue Du Tremblay',12),(338481,'Loisir',0,0,0,1,0,0,1,'Cmg Sport Club One Italie',14,'Rue Vandrezanne',13),(338482,'Compétition',1,0,0,1,0,0,1,'Le Stadium',66,'Avenue D\'Ivry',13),(339369,'Compétition',0,0,0,0,0,0,1,'Centre D\'Animation Richet',12,'Rue Du Docteur Charles Richet',13),(339371,'Loisir',0,0,0,0,0,0,0,'Cercle de La Forme Raspail',226,'Boulevard Raspail',14),(339376,'Loisir',0,0,0,0,0,0,0,'Centre Sportif Emile Anthoine',9,'Rue Jean Rey',15),(339377,'Loisir',1,0,0,0,0,0,0,'Tennis Club Du Xvieme',15,'Avenue Du General Clavery',16),(339379,'Compétition',0,0,0,0,0,0,0,'Centre Sportif Louis Lumiere',30,'Rue Louis Lumiere',20),(339381,'Loisir',0,0,0,0,0,0,0,'Nrgym',340,'Rue Des Pyrenees',20),(339382,'Compétition',1,0,0,1,0,0,1,'Piscine Georges Vallerey',148,'Avenue Gambetta',20),(339383,'Loisir',1,0,0,1,0,0,1,'Centre de Ligue - Paris Est Les Lilas',43048,'Rue Des Freres Flavien',20),(340555,'Loisir',0,0,0,0,0,0,0,'Les Cercles de La Forme Bastille',80,'Rue Traversiere',12),(340618,'Loisir',0,0,0,0,0,0,0,'Cmg Sport Club One Maillot',17,'Rue Du Debarcadere',17),(340630,'Loisir',0,0,0,0,0,0,0,'Centre D\'Animation Interclub 17',47,'Rue de Saussure',17),(340754,'Loisir',1,0,0,0,0,0,0,'Nr Fight',33,'Rue Des Terres Au Cure',13),(340803,'Loisir',1,0,0,0,0,0,0,'College Andre Malraux',5,'Rue Saint Ferdinand',17),(340955,'Loisir',0,0,0,1,0,0,1,'L\'Usine Beaubourg',16,'Rue Quincampoix',4),(340956,'Loisir',0,0,0,1,0,0,1,'L\'Usine Beaubourg',16,'Rue Quincampoix',4),(340958,'Loisir',0,0,0,1,0,0,1,'L\'Usine Beaubourg',16,'Rue Quincampoix',4),(341054,'Loisir',0,0,0,0,0,0,0,'Squash Club Montmartre',14,'Rue Achille Martinet',18),(341449,'Loisir',1,0,0,0,0,0,0,'Tep de La Vilette',19,'Bd de La Vilette',19),(341467,'Compétition',1,0,0,1,0,0,1,'Re-Corps',16,'Bd de Reuilly',12),(341468,'Loisir',1,0,0,1,0,0,1,'Re-Corps',16,'Bd de Reuilly',12),(341469,'Loisir',1,0,0,1,0,0,1,'Re-Corps',16,'Bd de Reuilly',12),(341470,'Loisir',1,0,0,1,0,0,1,'Re-Corps',16,'Bd de Reuilly',12),(341471,'Loisir',1,0,0,1,0,0,1,'Re-Corps',16,'Bd de Reuilly',12),(341487,'Loisir',0,0,0,0,0,0,0,'Centre Momboye',25,'Rue Boyer',20),(341488,'Loisir',0,0,0,0,0,0,0,'Centre Momboye',25,'Rue Boyer',20),(342048,'Compétition',1,0,0,1,0,0,1,'Gymnase Pierre Remond',27,'Rue Marguerite',17),(342069,'Compétition',1,0,0,1,0,0,1,'Centre Sportif Micheline Ostermeyer',6,'Esplanade Nathalie Sarraute',18),(342070,'Compétition',1,0,0,1,0,0,1,'Centre Sportif Micheline Ostermeyer',6,'Esplanade Nathalie Sarraute',18),(342071,'Loisir',1,0,0,1,0,0,1,'Centre Sportif Micheline Ostermeyer',6,'Esplanade Nathalie Sarraute',18),(342301,'Loisir',1,0,0,0,0,0,0,'Centre D\'Animation Clavel',26,'Rue Clavel',19),(342308,'Loisir',1,0,0,0,0,0,0,'Tep Curial-Cambrai',102,'Rue Curial',19),(342313,'Loisir',1,0,0,0,0,0,0,'Gymnase Charonne Planchat',20,'Rue de Monte Cristo',20),(342315,'Loisir',0,0,0,0,0,0,0,'Gymnase Charonne Planchat',20,'Rue de Monte Cristo',20),(342615,'Loisir',0,0,0,1,0,0,1,'Le Klay',4,'Rue Saint Sauveur',2),(342616,'Loisir',1,0,0,1,1,0,1,'Le Klay',4,'Rue Saint Sauveur',2),(342618,'Loisir',0,0,0,1,0,0,1,'Healthcity Paris Saint Germain Des Pres',71,'Boulevard Saint Germain',5),(342621,'Compétition',1,0,0,1,0,0,1,'Academie Americaine de Danse de Paris',100,'Rue Du Cherche Midi',6),(342622,'Compétition',1,0,0,0,0,0,0,'Academie Americaine de Danse de Paris',100,'Rue Du Cherche Midi',6),(342625,'Loisir',0,0,0,0,0,0,0,'Aat',5,'Rue Rousselet',7),(342626,'Loisir',0,0,0,0,0,0,0,'Aat',5,'Rue Rousselet',7),(342627,'Loisir',1,0,0,1,0,0,1,'Healthcity Paris Champs Elysees',76,'Avenue Des Champs Elysees',8),(342628,'Loisir',1,0,0,1,0,0,1,'Healthcity Paris Champs Elysees',76,'Avenue Des Champs Elysees',8),(342637,'Loisir',1,0,0,1,0,0,1,'Healthcity Paris Champs Elysees',76,'Avenue Des Champs Elysees',8),(342640,'Loisir',0,1,1,1,0,1,1,'Les Cercles de La Forme Nation',224,'Rue Du Faubourg Saint-Antoine',12),(342647,'Loisir',0,0,0,1,0,0,1,'Les Cercles de La Forme Nation',224,'Rue Du Faubourg Saint-Antoine',12),(342653,'Loisir',0,0,0,1,0,0,1,'Les Cercles de La Forme Nation',224,'Rue Du Faubourg Saint-Antoine',12),(342660,'Loisir',1,0,0,1,0,0,1,'Healthcity Paris Netter',17,'Avenue Du Docteur Arnold Netter',12),(342669,'Loisir',1,0,0,1,0,0,1,'Healthcity Paris Crozatier',17,'Rue Crozatier',12),(342684,'Loisir',0,1,1,1,0,1,1,'Cmg Sports Club Pure Bastille',4,'Place de La Bastille',12),(342685,'Loisir',0,1,1,1,0,1,1,'Cmg Sports Club Pure Bastille',4,'Place de La Bastille',12),(342697,'Loisir',0,0,0,1,0,0,0,'Les Cercles de La Forme Lecourbe',78,'Rue Lecourbe',15),(342698,'Loisir',0,0,0,1,0,0,0,'Les Cercles de La Forme Lecourbe',78,'Rue Lecourbe',15),(342713,'Loisir',1,0,0,1,0,0,1,'Healthcity Paris Ternes',71,'Avenue Des Ternes',17),(342714,'Loisir',1,0,0,1,0,0,1,'Healthcity Paris Ternes',71,'Avenue Des Ternes',17),(342715,'Loisir',0,0,0,0,0,0,0,'Crossfit Original Addict',72,'Boulevard de Charonne',20),(342757,'Loisir',0,0,0,1,0,0,1,'Healthcity Paris Saint Germain Des Pres',71,'Boulevard Saint Germain',5),(342758,'Loisir',0,0,0,1,0,0,1,'Healthcity Paris Saint Germain Des Pres',71,'Boulevard Saint Germain',5),(342941,'Loisir',0,0,0,0,0,0,0,'Paroisse Saint-Jean de La Salle',68,'Rue Falguiere',15),(343261,'Loisir',0,0,0,0,0,0,0,'Energie Forme Montparnasse',32,'Boulevard de Vaugirard',15),(343393,'Loisir',0,0,0,0,0,0,0,'Cross Fight',91,'Boulevard Poniatowski',12),(343667,'Loisir',1,0,0,1,0,0,1,'Healthcity Paris Ternes',71,'Avenue Des Ternes',17),(343668,'Loisir',1,0,0,1,0,0,1,'Healthcity Paris La Motte Picquet',62,'Avenue de La Motte-Picquet',15),(343676,'Loisir',1,1,1,1,0,1,1,'Centre Sportif Beaujon',7,'Allée Louis de Funes',8),(343677,'Loisir',1,1,1,1,0,1,1,'Centre Sportif Beaujon',7,'Allée Louis de Funes',8),(343678,'Loisir',1,0,0,1,0,0,1,'Gymnase Des Vignoles',87,'Rue Des Haies',20),(343696,'Loisir',1,0,0,1,0,0,1,'Healthcity Paris Netter',17,'Avenue Du Docteur Arnold Netter',12),(343729,'Loisir',1,0,0,1,0,0,1,'Centre Sportif Jules Ladoumegue',39,'Route Des Petits Ponts',19),(343761,'Loisir',0,0,0,0,0,0,0,'La Maison de M.A.I.',27,'Rue de Chabrol',10),(343762,'Loisir',1,1,1,1,0,1,1,'Centre Sportif Beaujon',7,'Allée Louis de Funes',8),(344164,'Loisir',1,0,0,0,0,0,1,'Centre Sportif Jules Ladoumegue',39,'Route Des Petits Ponts',19),(344166,'Loisir',1,0,0,1,0,0,1,'Centre Sportif Jules Ladoumegue',39,'Route Des Petits Ponts',19),(344167,'Loisir',1,0,0,1,0,0,1,'Centre Sportif Jules Ladoumegue',39,'Route Des Petits Ponts',19),(344169,'Loisir',1,0,0,1,0,0,1,'Centre Sportif Jules Ladoumegue',39,'Route Des Petits Ponts',19),(345089,'Loisir',1,0,0,1,0,0,1,'Platinium Hybrid Training Center',43079,'Rue Charcot',13),(345215,'Loisir',1,0,0,1,0,0,1,'Espace Forme',78,'Rue Olivier de Serres',15),(345999,'Loisir',1,0,0,1,0,0,1,'Platinium Hybrid Training Center',43079,'Rue Charcot',13),(348035,'Loisir',0,0,0,1,0,0,1,'Centre Sportif Universitaire Jean Sarrailh',31,'Avenue Georges Bernanos',5),(348278,'Loisir',0,0,0,1,0,0,1,'Les Cercles de La Forme Porte de Versailles',31,'Rue Du Hameau',15),(348284,'Loisir',0,0,0,0,0,0,0,'Blue Fitness Eiffel',61,'Quai de Grenelle',15),(348457,'Loisir',1,0,0,0,0,0,1,'Gymnase Macdonald',147,'Boulevard Macdonald',19),(348984,'Loisir',1,0,0,1,0,0,1,'Gymnase Macdonald',147,'Boulevard Macdonald',19),(349094,'Loisir',0,0,0,0,0,0,0,'Studio Yoga Republique',21,'Rue Beranger',3),(349097,'Loisir',1,0,0,1,0,0,1,'Gymnase Macdonald',147,'Boulevard Macdonald',19),(349098,'Loisir',0,0,0,0,0,0,0,'Tchilo Body Lab',9,'Rue Charles Francois Dupuis',3),(349099,'Loisir',0,0,0,0,0,0,0,'Tchilo Body Lab',9,'Rue Charles Francois Dupuis',3),(349105,'Compétition',1,0,0,1,0,0,1,'Battling Club Paris',13,'Rue de La Grange Aux Belles',10),(349107,'Loisir',1,0,0,1,0,0,1,'Battling Club Paris',13,'Rue de La Grange Aux Belles',10),(349108,'Loisir',1,0,0,1,0,0,1,'Canal Central',12,'Rue Lucien Sampaix',10),(349111,'Loisir',0,0,0,1,0,0,1,'Montana Fitness Club',5,'Avenue de La Republique',11),(349113,'Loisir',0,0,0,1,0,0,1,'Montana Fitness Club',5,'Avenue de La Republique',11),(349116,'Loisir',0,0,0,0,0,0,0,'Gym Studio Parmentier',107,'Avenue Parmentier',11),(349117,'Loisir',0,0,0,0,0,0,0,'Amazonia',13,'Rue Daval',11),(349118,'Loisir',0,0,0,0,0,0,0,'Amazonia',13,'Rue Daval',11),(349253,'Loisir',1,1,1,1,0,1,1,'Montana Fitness Club Place de Clichy/ Societe Lyonnaise Sport Loisir',16,'Rue Capron',18),(349255,'Loisir',1,1,1,1,0,1,1,'Montana Fitness Club Place de Clichy/ Societe Lyonnaise Sport Loisir',16,'Rue Capron',18),(349542,'Loisir',1,0,0,1,0,0,1,'Molitor',8,'Avenue de La Porte de Molitor',16),(349543,'Loisir',1,0,0,1,0,0,1,'Molitor',8,'Avenue de La Porte de Molitor',16),(349544,'Loisir',1,0,0,1,0,0,1,'Molitor',8,'Avenue de La Porte de Molitor',16),(349545,'Loisir',1,0,0,1,0,0,1,'Molitor',8,'Avenue de La Porte de Molitor',16),(350083,'Loisir',1,0,0,1,0,0,1,'Canal Central',12,'Rue Lucien Sampaix',10),(350118,'Loisir',1,1,1,1,0,1,1,'Centre D\'Animation La Grange Aux Belles',55,'Rue de La Grange Aux Belles',10),(350382,'Loisir',0,0,0,0,0,0,0,'Salsabor',31,'Rue Chapon',3),(350385,'Loisir',0,0,0,0,0,0,0,'Salsabor',31,'Rue Chapon',3),(350403,'Loisir',0,0,0,0,0,0,0,'Club M Grand Est',138,'Rue de Bagnolet',20),(350406,'Loisir',0,0,0,1,0,0,1,'Magic Form Paris 13',12,'Rue Rubens',13),(350409,'Loisir',0,0,0,0,0,0,1,'Centr\'Halles Park',4,'Place de La Rotonde - Forum Des Halles',1),(351228,'Loisir',1,0,0,1,0,0,1,'Ecole de Danse Kim Kam Studio Espace Danse Gambetta',64,'Rue Orfilla',20),(351229,'Loisir',1,0,0,1,0,0,1,'Ecole de Danse Kim Kam Studio Espace Danse Gambetta',64,'Rue Orfilla',20),(351448,'Compétition',1,1,0,0,0,1,1,'Gymnase Paul Meurice',1,'Rue Paul Meurice',20),(351449,'Compétition',1,1,0,0,0,1,1,'Gymnase Paul Meurice',1,'Rue Paul Meurice',20),(351455,'Loisir',1,1,0,0,0,1,1,'Gymnase Paul Meurice',1,'Rue Paul Meurice',20),(351516,'Loisir',1,1,0,0,0,1,1,'Gymnase Paul Meurice',1,'Rue Paul Meurice',20),(351823,'Loisir',1,1,1,1,0,1,1,'Centre D\'Animation Wangari Muta Maathai',13,'Rue Mouraud',20),(351824,'Loisir',1,1,1,1,0,1,1,'Centre D\'Animation Wangari Muta Maathai',13,'Rue Mouraud',20),(351825,'Loisir',1,1,1,1,0,1,1,'Centre D\'Animation Wangari Muta Maathai',13,'Rue Mouraud',20),(351827,'Loisir',1,1,1,1,0,1,1,'Centre D\'Animation Ken Saro-Wiwa',61,'Rue de Buzenval',20),(354932,'Loisir',0,0,0,0,0,0,0,'Neoness Bastille',42890,'Passage Louis Philippe',11),(354933,'Loisir',1,0,0,1,0,0,1,'L\'Atelier 3',3,'Rue Popincourt',11),(354934,'Loisir',0,0,0,1,0,0,1,'L\'Atelier 3',3,'Rue Popincourt',11),(354935,'Loisir',1,0,0,1,0,0,1,'Fitness Price',131,'Boulevard de Charonne',11),(354936,'Loisir',1,0,0,1,0,0,1,'Fitness Price',131,'Boulevard de Charonne',11),(354938,'Loisir',1,0,0,1,0,0,1,'Fitness Price',131,'Boulevard de Charonne',11),(354942,'Loisir',1,0,0,1,0,0,0,'La Salle - Chaps 1',3,'Rue de La Pierre Levee',11),(354944,'Loisir',1,0,0,0,0,0,0,'La Salle - Chaps 2 Et 3',100,'Rue de La Folie Mericourt',11),(354945,'Loisir',1,0,0,1,0,0,1,'Paris Coach',4,'Cite Dupont',11),(354946,'Loisir',1,0,0,1,0,0,1,'Liberty Gym',64,'Boulevard de Bercy',12),(354947,'Loisir',1,0,0,1,0,0,1,'Liberty Gym',64,'Boulevard de Bercy',12),(354949,'Loisir',1,0,0,1,0,0,1,'Liberty Gym',64,'Boulevard de Bercy',12),(354950,'Loisir',0,0,0,0,0,0,0,'Paris Mambo',48,'Rue de La Gare de Reuilly',12),(354951,'Loisir',0,0,0,0,0,0,0,'Paris Mambo',48,'Rue de La Gare de Reuilly',12),(354952,'Loisir',0,0,0,0,0,0,0,'Paris Mambo',48,'Rue de La Gare de Reuilly',12),(354953,'Loisir',0,0,0,1,0,0,1,'Magic Form Paris 12',12,'Rue Des Fonds Verts',12),(354954,'Loisir',0,0,0,1,0,0,1,'Magic Form Paris 12',12,'Rue Des Fonds Verts',12),(354955,'Loisir',0,0,0,1,0,0,1,'Magic Form Paris 12',12,'Rue Des Fonds Verts',12),(354959,'Loisir',0,0,0,1,0,0,1,'My Fitness Studio',91,'Rue Alexandre Dumas',20),(354960,'Loisir',1,0,0,1,0,0,1,'My Fitness Studio',91,'Rue Alexandre Dumas',20),(354961,'Loisir',1,0,0,1,0,0,1,'My Fitness Studio',91,'Rue Alexandre Dumas',20),(355948,'Loisir',1,0,0,0,0,0,1,'Freeness',172,'Boulevard Voltaire',11),(355949,'Loisir',1,0,0,1,0,0,1,'Freeness',172,'Boulevard Voltaire',11),(355950,'Loisir',1,0,0,1,0,0,1,'Freeness',172,'Boulevard Voltaire',11),(355951,'Loisir',1,0,0,1,0,0,1,'Freeness',172,'Boulevard Voltaire',11),(355952,'Loisir',1,0,0,1,0,0,1,'Freeness',172,'Boulevard Voltaire',11),(356227,'Loisir',0,0,0,0,0,0,0,'Gymnase Federation',16,'Rue de La Federation',15),(356552,'Loisir',0,0,0,0,0,0,0,'Neoness Nation',81,'Rue Lagny',20),(356553,'Loisir',0,0,0,0,0,0,0,'Neoness Nation',81,'Rue Lagny',20),(356555,'Loisir',0,0,0,0,0,0,0,'Amazonia Paris Xx',43048,'Rue Vitruve',20),(356556,'Loisir',0,0,0,0,0,0,0,'Centre Sismo Lipo',16,'Rue Baron Le Roy',12),(358859,'Loisir',0,0,0,1,0,0,1,'Piscine Municipale de La Buttes Aux Cailles',5,'Place Paul Verlaine',13),(358862,'Compétition',0,0,0,0,0,0,1,'E.N.S.T Paris 13',46,'Rue Barrault',13),(358863,'Loisir',0,0,0,0,0,0,0,'Amazonia Paris 13',14,'Rue Auguste Lancon',13),(358869,'Loisir',0,0,0,1,0,0,0,'Gigagym Paris 13',66,'Avenue D\'Ivry',13),(358870,'Loisir',1,0,0,1,0,0,1,'Basic Fit Paris 13',63,'Avenue de Chosiy',13),(358871,'Loisir',1,0,0,1,0,0,1,'Basic Fit Paris 13',63,'Avenue de Chosiy',13),(358877,'Loisir',1,0,0,1,0,0,1,'Centre D\'Animation Oudine',5,'Rue Oudine',13),(361396,'Loisir',0,0,0,1,0,0,1,'Magic Form Paris 13',12,'Rue Rubens',13),(361397,'Loisir',0,0,0,1,0,0,1,'Centre Paris Anim\' Poterne Des Peupliers',1,'Rue Gouthiere',13),(361398,'Loisir',0,0,0,0,0,0,1,'Intensive Danse',105,'Rue de Tolbiac - Centre Commercial Olympiades',13),(361399,'Loisir',0,0,0,0,0,0,1,'Intensive Danse',105,'Rue de Tolbiac - Centre Commercial Olympiades',13),(362083,'Loisir',0,0,0,1,0,0,1,'Bibliotheque Francois Mitterand',11,'Quai Francois-Mauriac - Tour 4160',13),(362084,'Loisir',0,0,0,1,0,0,1,'Bibliotheque Francois Mitterand',11,'Quai Francois-Mauriac - Tour 4160',13),(362088,'Loisir',0,0,0,1,0,0,1,'Universite Paris Diderot - Complexe Sportif Sophie Germain',9,'Rue de La Croix Jarry',13),(362089,'Compétition',0,0,0,1,0,0,1,'Universite Paris Diderot - Complexe Sportif Sophie Germain',9,'Rue de La Croix Jarry',13),(362091,'Loisir',0,0,0,1,0,0,1,'Universite Paris Diderot - Complexe Sportif Sophie Germain',9,'Rue de La Croix Jarry',13),(362092,'Loisir',0,0,0,1,0,0,1,'Universite Paris Diderot - Complexe Sportif Sophie Germain',9,'Rue de La Croix Jarry',13),(362094,'Loisir',1,0,0,0,0,0,0,'Bowling Mouffetard',73,'Rue Mouffetard',5),(362095,'Loisir',0,0,0,1,0,0,1,'Gymnase Alice Milliat',11,'Rue D\'Alesia',14),(362097,'Loisir',0,0,0,1,0,0,1,'Neoness Paris Austerlitz',22,'Boulevard Saint Marcel',5),(362099,'Loisir',0,0,0,1,0,0,1,'Neoness Paris Austerlitz',22,'Boulevard Saint Marcel',5),(362100,'Loisir',1,0,0,0,0,0,0,'Bowling Champerret',2,'Rue Du Caporal Peugeot',17),(362117,'Loisir',0,0,0,1,0,0,1,'Neoness Chatelet Montorgueil',35,'Rue Greneta',2),(362118,'Loisir',0,0,0,1,0,0,1,'Neoness Chatelet Montorgueil',35,'Rue Greneta',2),(362120,'Loisir',0,0,0,1,0,0,1,'Neoness Chatelet Montorgueil',35,'Rue Greneta',2),(362121,'Loisir',0,0,0,1,0,0,1,'Neoness Chatelet Montorgueil',35,'Rue Greneta',2),(362123,'Loisir',0,0,0,0,0,0,0,'Fitness Price Paris 4',7,'Rue Nicolas Flamel',4),(362124,'Loisir',0,0,0,0,0,0,0,'Fitness Price Paris 4',7,'Rue Nicolas Flamel',4),(362127,'Loisir',1,0,0,0,0,0,0,'Jardin Roger Priou Valjean',6,'Rue Du Figuier',4),(362130,'Loisir',0,0,0,1,0,0,1,'Keep Cool Paris 8 Monceau',30,'Rue de Lisbonne',8),(362131,'Loisir',0,0,0,1,0,0,1,'Keep Cool Paris 8 Monceau',30,'Rue de Lisbonne',8),(362133,'Loisir',0,0,0,1,0,0,1,'Keep Cool Paris 8 Monceau',30,'Rue de Lisbonne',8),(362134,'Loisir',0,0,0,1,0,0,1,'Keep Cool Paris 8 Monceau',30,'Rue de Lisbonne',8),(362135,'Loisir',0,0,0,1,0,0,1,'Keep Cool Paris 8 Monceau',30,'Rue de Lisbonne',8),(362136,'Loisir',0,0,0,1,0,0,1,'Keep Cool Paris 8 Monceau',30,'Rue de Lisbonne',8),(362137,'Loisir',0,0,0,1,0,0,1,'Neoness Saint-Lazare',44,'Rue de Clichy',9),(362138,'Loisir',0,0,0,1,0,0,1,'Neoness Saint-Lazare',44,'Rue de Clichy',9),(362139,'Loisir',0,0,0,1,0,0,1,'Neoness Saint-Lazare',44,'Rue de Clichy',9),(362142,'Loisir',1,0,0,0,0,0,1,'La Quille Du 11E - Bowling Stadium',111,'Rue Saint Maur',11),(362143,'Loisir',1,0,0,0,0,0,1,'La Quille Du 11E - Bowling Stadium',111,'Rue Saint Maur',11),(362145,'Loisir',0,0,0,0,0,0,0,'Women\'S Fit',67,'Rue de Charenton',12),(362146,'Loisir',0,0,0,1,0,0,1,'Les Cercles de La Forme Diderot',164,'Boulevard Diderot',12),(362147,'Compétition',1,0,0,0,0,0,0,'Petanque Poterne Des Peupliers',5,'Rue de Sainte-Helene',13),(362148,'Loisir',1,0,0,0,0,0,0,'Petanque Poterne Des Peupliers',5,'Rue de Sainte-Helene',13),(362149,'Loisir',1,0,0,0,0,0,0,'Square de L\'Abbe Lemire',108,'Rue Vercingetorix',14),(362150,'Loisir',1,0,0,0,0,0,0,'Jardin Henri Et Achille Duchene',160,'Rue Vercingetorix',14),(362151,'Loisir',1,0,0,0,0,0,0,'Square Du Serment de Koufra',41,'Avenue Ernest Reyer',14),(362160,'Loisir',0,0,0,0,0,0,1,'Cmg Sport Club Denfert',28,'Avenue Du General Leclerc',14),(362163,'Loisir',1,0,0,0,0,0,0,'Jardin Lionel Assouad',22,'Rue de Chatillon',14),(362164,'Loisir',1,0,0,0,0,0,0,'Boulodrome Des Thermopyles',11,'Rue Des Thermopyles',14),(362167,'Loisir',0,0,0,1,0,0,1,'Montana Fitness Club',95,'Avenue Du General Leclerc',14),(362168,'Loisir',0,0,0,1,0,0,1,'Montana Fitness Club',95,'Avenue Du General Leclerc',14),(362170,'Loisir',1,0,0,0,0,0,0,'Square de La Zac Didot',1,'Place de La Garenne',14),(362171,'Loisir',0,0,0,1,0,0,1,'Magic Form Paris 14',12,'Rue Pierre Larousse',14),(362172,'Loisir',0,0,0,1,0,0,1,'Magic Form Paris 14',12,'Rue Pierre Larousse',14),(362173,'Loisir',0,0,0,1,0,0,1,'Magic Form Paris 14',12,'Rue Pierre Larousse',14),(362174,'Loisir',0,0,0,1,0,0,1,'Magic Form Paris 14',12,'Rue Pierre Larousse',14),(362175,'Loisir',0,0,0,0,0,0,0,'Fitness Price',8,'Rue Emile Dubois',14),(362178,'Loisir',0,0,0,1,0,0,0,'Dansomania Paris 14',59,'Rue Sarrette',14),(362179,'Loisir',1,0,0,0,0,0,0,'Tennis Club Montsouris',17,'Rue Gazan',14),(362180,'Loisir',0,0,0,1,0,0,1,'Neoness Montparnasse',6,'Allee de La Seconde Division Blindee - Place Des 5 Martyrs Du Lycee Buffon',14),(362182,'Loisir',0,0,0,1,0,0,1,'Neoness Montparnasse',6,'Allee de La Seconde Division Blindee - Place Des 5 Martyrs Du Lycee Buffon',14),(362183,'Loisir',0,0,1,1,0,1,1,'Neoness Montparnasse',6,'Allee de La Seconde Division Blindee - Place Des 5 Martyrs Du Lycee Buffon',14),(362184,'Loisir',0,0,0,1,0,0,1,'Neoness Montparnasse',6,'Allee de La Seconde Division Blindee - Place Des 5 Martyrs Du Lycee Buffon',14),(362185,'Loisir',0,0,0,1,0,0,1,'Neoness Paris La Motte Picquet',18,'Rue Juge',15),(362186,'Loisir',0,0,0,1,0,0,1,'Neoness Paris La Motte Picquet',18,'Rue Juge',15),(362187,'Loisir',0,0,0,1,0,0,1,'Neoness Paris La Motte Picquet',18,'Rue Juge',15),(362190,'Loisir',0,0,0,1,0,0,1,'Aqualoft Fitness Club',31,'Rue Le Marois',16),(362191,'Loisir',0,0,0,1,0,0,1,'Aqualoft Fitness Club',31,'Rue Le Marois',16),(362192,'Loisir',0,0,0,1,0,0,1,'Aqualoft Fitness Club',31,'Rue Le Marois',16),(362193,'Loisir',0,0,0,1,1,0,1,'Aqualoft Fitness Club',31,'Rue Le Marois',16),(362195,'Loisir',0,0,0,1,0,0,1,'Les Cercles de La Forme Dauphine',3,'Boulevard Lannes',16),(362196,'Loisir',0,0,0,1,0,0,1,'Les Cercles de La Forme Dauphine',3,'Boulevard Lannes',16),(362197,'Loisir',1,0,0,0,0,0,1,'Bowling Foch',2,'Avenue Foch',16),(362198,'Loisir',1,0,0,0,0,0,1,'Bowling Foch',2,'Avenue Foch',16),(362202,'Loisir',0,0,0,0,0,0,0,'Neoness Batignolles - Place de Clichy',5,'Rue Bernard Buffet',17),(362203,'Loisir',0,0,0,1,0,0,1,'Keep Cool Paris 18',237,'Rue de Marcadet',18),(362204,'Loisir',0,0,0,1,0,0,1,'Keep Cool Paris 18',237,'Rue de Marcadet',18),(362205,'Loisir',0,0,0,0,0,0,0,'Amazonia Paris 18',17,'Rue Des Cloys',18),(362206,'Loisir',0,0,0,0,0,0,0,'Amazonia Paris 18',17,'Rue Des Cloys',18),(362207,'Loisir',0,0,0,0,0,0,0,'Amazonia Paris 18',17,'Rue Des Cloys',18),(362208,'Loisir',0,0,0,1,0,0,1,'Neoness Buttes Chaumont - Jaures',46,'Rue de Meaux',19),(362210,'Loisir',0,0,0,1,0,0,1,'Neoness Buttes Chaumont - Jaures',46,'Rue de Meaux',19),(362212,'Loisir',0,0,0,0,0,0,0,'Neoness Buttes Chaumont - Jaures',46,'Rue de Meaux',19),(362213,'Loisir',1,0,0,0,0,0,1,'Ifly Paris',30,'Avenue Corentin Cariou - Vill\'Up La Villette',19),(362214,'Loisir',0,0,0,1,0,0,1,'Neoness Paris Nation',81,'Rue de Lagny',20),(362215,'Loisir',0,0,0,1,0,0,1,'Neoness Paris Nation',81,'Rue de Lagny',20),(362216,'Loisir',0,0,0,1,0,0,1,'Neoness Paris Nation',81,'Rue de Lagny',20),(362217,'Loisir',0,0,0,1,0,0,1,'Neoness Paris Nation',81,'Rue de Lagny',20),(362218,'Loisir',0,0,0,1,0,0,1,'Neoness Paris Nation',81,'Rue de Lagny',20),(362219,'Loisir',0,0,0,1,0,0,1,'Neoness Paris Nation',81,'Rue de Lagny',20),(362220,'Loisir',0,0,0,1,0,0,1,'Neoness Paris Nation',81,'Rue de Lagny',20),(362654,'Loisir',0,0,0,0,0,0,0,'Cmg Sports Club One Montparnasse',149,'Rue de Rennes',6),(362655,'Loisir',0,0,0,0,0,0,0,'Cmg Sports Club One Montparnasse',149,'Rue de Rennes',6),(362657,'Loisir',0,0,0,1,0,0,1,'Le Klay',4,'Rue Saint Sauveur',2),(362658,'Loisir',0,0,0,1,0,0,1,'Le Klay',4,'Rue Saint Sauveur',2),(362659,'Loisir',0,0,0,1,0,0,1,'Le Klay',4,'Rue Saint Sauveur',2),(362661,'Loisir',0,0,0,1,0,0,1,'Centre Paris Anim\' Rennes',76,'Rue de Rennes',6),(362662,'Loisir',0,0,0,1,0,0,1,'Centre Paris Anim\' Rennes',76,'Rue de Rennes',6),(362663,'Loisir',0,0,0,0,0,0,0,'Association Sainte-Agnes',23,'Rue Oudinot',7),(362665,'Loisir',0,0,0,0,0,0,0,'Ecole de Danse Georges Et Rosy',20,'Rue de Varenne',7),(362666,'Loisir',0,0,0,0,0,0,0,'Club 49 Babylone',49,'Rue de Babylone',7),(362667,'Loisir',1,0,0,1,0,0,1,'Gymnase Julie Vlasto',8,'Passage Delessert',10),(362668,'Loisir',0,0,0,1,0,0,1,'Gymnase Julie Vlasto',8,'Passage Delessert',10),(362669,'Loisir',1,0,0,0,0,0,0,'Tep Perichaux',127,'Boulevard Levebvre',15),(362672,'Loisir',0,0,0,0,0,0,1,'Paris Anim\' Jean Verdier',11,'Rue de Lancry',10),(362674,'Loisir',0,0,0,0,0,0,1,'Paris Anim\' Jean Verdier',11,'Rue de Lancry',10),(362675,'Loisir',0,0,0,0,0,0,0,'Uma Centre',6,'Rue Saulnier',9),(362676,'Loisir',0,0,0,0,0,0,1,'La Maison de M.A.I - Salle Killa',30,'Rue de Chabrol',10),(362677,'Loisir',1,0,0,1,0,0,1,'Centre Sportif de La Grange Aux Belles',17,'Rue Boy Zelenski',10),(362678,'Loisir',1,0,1,1,0,1,1,'Tep Verdun',18,'Avenue de Verdun',10),(362679,'Loisir',1,0,0,0,0,0,0,'Tep Jemmapes',146,'Quai de Jemmapes',10),(362682,'Loisir',1,0,0,1,0,0,1,'Tep Castagnary',115,'Rue Castagnary',15),(362683,'Loisir',1,0,0,1,0,0,1,'Tep Castagnary',115,'Rue Castagnary',15),(362685,'Loisir',0,0,0,1,0,0,1,'La Gym Suedoise Paris 10',22,'Rue Chaudron',10),(362686,'Loisir',0,0,0,0,0,0,0,'Espace Form Oberkampf',160,'Rue Oberkampf',11),(362689,'Loisir',0,0,0,1,0,0,1,'Montana Fitness Club',5,'Avenue de La Republique',11),(362693,'Loisir',0,0,0,1,0,0,1,'La Gym Suedoise Paris 15',2,'Villa Du Mont Tonnerre',15),(362694,'Loisir',0,0,0,0,0,0,0,'Centre Sportif Andre Chance',12,'Cour Debille',11),(362695,'Loisir',0,0,0,0,0,0,0,'Centre Sportif Andre Chance',12,'Cour Debille',11),(362696,'Loisir',0,0,0,0,0,0,0,'Centre Sportif Andre Chance',12,'Cour Debille',11),(362697,'Loisir',1,0,0,0,0,0,0,'Paris Central Tennis',81,'Rue de Reuilly',12),(362698,'Loisir',1,0,0,0,0,0,1,'Tep Louis Braille',24,'Rue Louis Braille',12),(362700,'Loisir',0,0,0,1,0,0,1,'Paris Anim\' Bercy',51,'Rue Francois Truffaut',12),(362712,'Loisir',0,0,0,1,0,0,1,'Cmg Sports Club Pure Bastille',4,'Place de La Bastille',12),(362720,'Loisir',0,0,0,0,0,0,0,'Cmg Sport One Grenelle',8,'Rue Fremicourt',15),(362721,'Loisir',0,0,0,0,0,0,0,'Cmg Sport One Grenelle',8,'Rue Fremicourt',15),(362728,'Compétition',1,0,0,0,0,0,0,'Centre Sportif Rene Et Andre Mourlon',19,'Rue Gaston de Caillavet',15),(362729,'Loisir',1,0,0,0,0,0,0,'Centre Sportif Rene Et Andre Mourlon',19,'Rue Gaston de Caillavet',15),(362730,'Loisir',1,0,0,0,0,0,0,'Centre Sportif Rene Et Andre Mourlon',19,'Rue Gaston de Caillavet',15),(362731,'Loisir',1,0,0,1,0,0,1,'Centre Sportif Rene Et Andre Mourlon',19,'Rue Gaston de Caillavet',15);
/*!40000 ALTER TABLE `sports_facility` ENABLE KEYS */;
UNLOCK TABLES;

--
-- Table structure for table `sports_family`
--

DROP TABLE IF EXISTS `sports_family`;
/*!40101 SET @saved_cs_client     = @@character_set_client */;
/*!40101 SET character_set_client = utf8 */;
CREATE TABLE `sports_family` (
  `id` int(11) NOT NULL AUTO_INCREMENT,
  `sports_family_name` varchar(50) NOT NULL,
  PRIMARY KEY (`id`)
) ENGINE=InnoDB AUTO_INCREMENT=29 DEFAULT CHARSET=utf8;
/*!40101 SET character_set_client = @saved_cs_client */;

--
-- Dumping data for table `sports_family`
--

LOCK TABLES `sports_family` WRITE;
/*!40000 ALTER TABLE `sports_family` DISABLE KEYS */;
INSERT INTO `sports_family` VALUES (1,'Athlétisme'),(2,'Lancer'),(3,'Sports aquatiques'),(4,'Cyclisme'),(5,'Triathlon'),(6,'Course et marche'),(7,'Sports d\'épée'),(8,'Sports de raquettes'),(9,'Pentatlhon'),(10,'Sports de ballon'),(11,'Gymnastique'),(12,'Sports de balle'),(13,'Equitation'),(14,'Sports de tir'),(15,'Sports de combat'),(16,'Arts martiaux'),(17,'Sports nautiques'),(18,'Haltérophilie et musculation'),(19,'Escalade'),(20,'Saut'),(21,'Danse'),(22,'Sports de quilles'),(23,'Parachutisme'),(24,'Sports de patins'),(25,'Fitness'),(26,'Sports de boules'),(27,'Sports de glisse'),(28,'Sport scolaire');
/*!40000 ALTER TABLE `sports_family` ENABLE KEYS */;
UNLOCK TABLES;

--
-- Table structure for table `sports_family_practice_association`
--

DROP TABLE IF EXISTS `sports_family_practice_association`;
/*!40101 SET @saved_cs_client     = @@character_set_client */;
/*!40101 SET character_set_client = utf8 */;
CREATE TABLE `sports_family_practice_association` (
  `id_practice` int(11) NOT NULL,
  `id_sports_family` int(11) NOT NULL,
  PRIMARY KEY (`id_practice`,`id_sports_family`),
  KEY `sports_family_practice_association_sports_family0_FK` (`id_sports_family`),
  CONSTRAINT `sports_family_practice_association_sports_family0_FK` FOREIGN KEY (`id_sports_family`) REFERENCES `sports_family` (`id`),
  CONSTRAINT `sports_family_practice_association_sports_practice_FK` FOREIGN KEY (`id_practice`) REFERENCES `sports_practice` (`id`)
) ENGINE=InnoDB DEFAULT CHARSET=utf8;
/*!40101 SET character_set_client = @saved_cs_client */;

--
-- Dumping data for table `sports_family_practice_association`
--

LOCK TABLES `sports_family_practice_association` WRITE;
/*!40000 ALTER TABLE `sports_family_practice_association` DISABLE KEYS */;
INSERT INTO `sports_family_practice_association` VALUES (501,1),(502,1),(503,1),(2604,1),(3901,1),(9402,1),(502,2),(3901,2),(2801,3),(2803,3),(2804,3),(5201,3),(5202,3),(5204,3),(5205,3),(5206,3),(5208,3),(2202,4),(2203,4),(2206,4),(9403,4),(9407,4),(503,5),(505,5),(2203,5),(2206,5),(5201,5),(9404,5),(503,6),(505,6),(1702,6),(6201,6),(2701,7),(4302,7),(701,8),(7501,8),(7901,8),(8001,8),(503,9),(505,9),(2601,9),(2701,9),(5201,9),(8104,9),(9406,9),(901,10),(1101,10),(2901,10),(3001,10),(3701,10),(5205,10),(6401,10),(6501,10),(8801,10),(3401,11),(3402,11),(3404,11),(3405,11),(3408,11),(3501,11),(6603,11),(8401,11),(8901,11),(9401,11),(801,12),(803,12),(3301,12),(3303,12),(3801,12),(5901,12),(7501,12),(7901,12),(8001,12),(2601,13),(2606,13),(2607,13),(8103,14),(8104,14),(8201,14),(1401,15),(1501,15),(3101,15),(4303,15),(4501,15),(4701,15),(4702,15),(5101,15),(6601,15),(401,16),(4301,16),(4401,16),(7701,16),(7801,16),(601,17),(6902,17),(8501,17),(9405,17),(3601,18),(3602,18),(3603,18),(4802,19),(8907,19),(501,20),(2604,20),(5401,20),(2401,21),(2402,21),(1301,22),(1302,22),(5401,23),(6301,24),(6302,24),(6303,24),(6304,24),(7301,24),(7304,24),(8901,25),(1201,26),(6001,26),(7203,26),(6306,27),(9002,28);
/*!40000 ALTER TABLE `sports_family_practice_association` ENABLE KEYS */;
UNLOCK TABLES;

--
-- Table structure for table `sports_practice`
--

DROP TABLE IF EXISTS `sports_practice`;
/*!40101 SET @saved_cs_client     = @@character_set_client */;
/*!40101 SET character_set_client = utf8 */;
CREATE TABLE `sports_practice` (
  `id` int(11) NOT NULL AUTO_INCREMENT,
  `practice` text NOT NULL,
  `image_name` text NOT NULL,
  PRIMARY KEY (`id`)
) ENGINE=InnoDB AUTO_INCREMENT=9408 DEFAULT CHARSET=utf8;
/*!40101 SET character_set_client = @saved_cs_client */;

--
-- Dumping data for table `sports_practice`
--

LOCK TABLES `sports_practice` WRITE;
/*!40000 ALTER TABLE `sports_practice` DISABLE KEYS */;
INSERT INTO `sports_practice` VALUES (401,'Aikido','aikido'),(501,'Saut','saut'),(502,'Lancer','lancer'),(503,'Course sur piste','course-sur-piste'),(505,'Course et marche sur route','course-et-marche-sur-route'),(601,'Aviron','aviron'),(701,'Badminton','badminton'),(801,'Baseball','baseball'),(803,'Cricket','cricket'),(901,'Ballon au poing','ballon-au-poing'),(1101,'Basket-Ball','basket-ball'),(1201,'Billard','billard'),(1301,'Bowling','bowling'),(1302,'Sports de quilles','sports-de-quilles'),(1401,'Boxe Anglaise','boxe-anglaise'),(1501,'Boxe Américaine','boxe-americaine'),(1702,'Course en ligne','course-en-ligne'),(2202,'Bicross','bicross'),(2203,'Cyclisme sur piste','cyclisme-sur-piste'),(2206,'Cyclisme en salle','cyclisme-en-salle'),(2401,'Danses par Couple','danses-par-couple'),(2402,'Autres Danses','autres-danses'),(2601,'Equitation','equitation'),(2604,'Saut d\'obstacle','saut-d-obstacle'),(2606,'Horse-Ball','horse-ball'),(2607,'Polo','polo'),(2701,'Escrime','escrime'),(2801,'Hockey subaquatique','hockey-subaquatique'),(2803,'Nage avec palmes','nage-avec-palmes'),(2804,'Plongée subaquatique','plongee-subaquatique'),(2901,'Football','football'),(3001,'Football Américain','football-americain'),(3101,'Full contact','full-contact'),(3301,'Golf','golf'),(3303,'Crocket','crocket'),(3401,'Gymnastique Artistique','gymnastique-artistique'),(3402,'Gymnastique Rythmique','gymnastique-rythmique'),(3404,'Expression gymnique','expression-gymnique'),(3405,'Trampoline','trampoline'),(3408,'Gymnastique Acrobatique','gymnastique-acrobatique'),(3501,'Gymnastique volontaire','gymnastique-volontaire'),(3601,'Haltérophilie','halterophilie'),(3602,'Musculation','musculation'),(3603,'Culturisme','culturisme'),(3701,'Handball','handball'),(3801,'Hockey en salle','hockey-en-salle'),(3901,'Javelot Tir sur cible','javelot-tir-sur-cible'),(4301,'Judo','judo'),(4302,'Kendo','kendo'),(4303,'Sumo','sumo'),(4401,'Karaté','karate'),(4501,'Kick boxing','kick-boxing'),(4701,'Lutte traditionnelle','lutte-traditionnelle'),(4702,'Sambo','sambo'),(4802,'Escalade','escalade'),(5101,'Boxe thaïlandaise Muay Thaï','boxe-thailandaise-muay-thai'),(5201,'Natation course sportive','natation-course-sportive'),(5202,'Natation synchronisée','natation-synchronisee'),(5204,'Plongeon','plongeon'),(5205,'Water-Polo','water-polo'),(5206,'Baignade loisirs','baignade-loisirs'),(5208,'Aquagym','aquagym'),(5401,'Parachutisme','parachutisme'),(5901,'Cesta punta','cesta-punta'),(6001,'Pétanque et jeu provencal','petanque-et-jeu-provencal'),(6201,'Randonnée pédestre','randonnee-pedestre'),(6301,'Patinage artistique et danse sur roulettes','patinage-artistique-et-danse-sur-roulettes'),(6302,'Patinage de course','patinage-de-course'),(6303,'Roller acrobatique','roller-acrobatique'),(6304,'Hockey sur patins en ligne','hockey-sur-patins-en-ligne'),(6306,'Planche à roulettes','planche-a-roulettes'),(6401,'Rugby à 15','rugby-a-15'),(6501,'Rugby à 13','rugby-a-13'),(6601,'Boxe française savate','boxe-francaise-savate'),(6603,'Bâton','baton'),(6902,'Ski nautique classique','ski-nautique-classique'),(7203,'Sports boules','sports-boules'),(7301,'Ballet sur glace','ballet-sur-glace'),(7304,'Hockey sur glace','hockey-sur-glace'),(7501,'Squash','squash'),(7701,'Taekwondo','taekwondo'),(7801,'Tai chi chuan','tai-chi-chuan'),(7901,'Tennis','tennis'),(8001,'Tennis de table','tennis-de-table'),(8103,'Arbalète','arbalete'),(8104,'Tir aux armes réglementaires','tir-aux-armes-reglementaires'),(8201,'Tir à l\'arc','tir-a-l-arc'),(8401,'Twirling bâton','twirling-baton'),(8501,'Planche à Voile','planche-a-voile'),(8801,'Volley-ball','volley-ball'),(8901,'Activités de forme et de santé','activites-de-forme-et-de-sante'),(8907,'Escalade sur PAH','escalade-sur-pah'),(8999,'Autres','autres'),(9002,'Sport scolaire','sport-scolaire'),(9401,'Double dutch','double-dutch'),(9402,'Athlétisme','athletisme'),(9403,'Cyclisme sur route','cyclisme-sur-route'),(9404,'Triathlon','triathlon'),(9405,'Canoë-Kayak','canoe-kayak'),(9406,'Pentatlhon','pentatlhon'),(9407,'VTT','vtt');
/*!40000 ALTER TABLE `sports_practice` ENABLE KEYS */;
UNLOCK TABLES;
/*!40103 SET TIME_ZONE=@OLD_TIME_ZONE */;

/*!40101 SET SQL_MODE=@OLD_SQL_MODE */;
/*!40014 SET FOREIGN_KEY_CHECKS=@OLD_FOREIGN_KEY_CHECKS */;
/*!40014 SET UNIQUE_CHECKS=@OLD_UNIQUE_CHECKS */;
/*!40101 SET CHARACTER_SET_CLIENT=@OLD_CHARACTER_SET_CLIENT */;
/*!40101 SET CHARACTER_SET_RESULTS=@OLD_CHARACTER_SET_RESULTS */;
/*!40101 SET COLLATION_CONNECTION=@OLD_COLLATION_CONNECTION */;
/*!40111 SET SQL_NOTES=@OLD_SQL_NOTES */;

-- Dump completed on 2020-02-11  9:10:31
